<ImportExportXml xmlns:xsi="http://www.w3.org/2001/XMLSchema-instance">
  <Entities>
    <Entity>
      <Name LocalizedName="Ticket" OriginalName="Ticket">sample_ticket</Name>
      <ObjectTypeCode>10000</ObjectTypeCode>
      <EntityInfo>
        <entity Name="sample_ticket">
          <LocalizedNames>
            <LocalizedName description="Ticket" languagecode="1033" />
          </LocalizedNames>
          <LocalizedCollectionNames>
            <LocalizedCollectionName description="Tickets" languagecode="1033" />
          </LocalizedCollectionNames>
          <Descriptions>
            <Description description="This entity demonstrates dependent optionsets for the Create Dependent OptionSets (Picklists) sample in the SDK." languagecode="1033" />
          </Descriptions>
          <attributes>
            <attribute PhysicalName="CreatedBy">
              <Type>lookup</Type>
              <Name>createdby</Name>
              <LogicalName>createdby</LogicalName>
              <RequiredLevel>none</RequiredLevel>
              <DisplayMask>ValidForAdvancedFind|ValidForForm|ValidForGrid</DisplayMask>
              <ImeMode>auto</ImeMode>
              <ValidForReadApi>1</ValidForReadApi>
              <IsCustomField>0</IsCustomField>
              <IsAuditEnabled>0</IsAuditEnabled>
              <IsSecured>0</IsSecured>
              <IsCustomizable>1</IsCustomizable>
              <IsRenameable>1</IsRenameable>
              <CanModifySearchSettings>1</CanModifySearchSettings>
              <CanModifyRequirementLevelSettings>1</CanModifyRequirementLevelSettings>
              <CanModifyAdditionalSettings>1</CanModifyAdditionalSettings>
              <ReferencedEntityObjectTypeCode>8</ReferencedEntityObjectTypeCode>
              <LookupStyle>single</LookupStyle>
              <LookupTypes />
              <displaynames>
                <displayname description="Created By" languagecode="1033" />
              </displaynames>
              <Descriptions>
                <Description description="Unique identifier of the user who created the record." languagecode="1033" />
              </Descriptions>
            </attribute>
            <attribute PhysicalName="CreatedOn">
              <Type>datetime</Type>
              <Name>createdon</Name>
              <LogicalName>createdon</LogicalName>
              <RequiredLevel>none</RequiredLevel>
              <DisplayMask>ValidForAdvancedFind|ValidForForm|ValidForGrid</DisplayMask>
              <ImeMode>inactive</ImeMode>
              <ValidForReadApi>1</ValidForReadApi>
              <IsCustomField>0</IsCustomField>
              <IsAuditEnabled>0</IsAuditEnabled>
              <IsSecured>0</IsSecured>
              <IsCustomizable>1</IsCustomizable>
              <IsRenameable>1</IsRenameable>
              <CanModifySearchSettings>1</CanModifySearchSettings>
              <CanModifyRequirementLevelSettings>1</CanModifyRequirementLevelSettings>
              <CanModifyAdditionalSettings>1</CanModifyAdditionalSettings>
              <Format>datetime</Format>
              <displaynames>
                <displayname description="Created On" languagecode="1033" />
              </displaynames>
              <Descriptions>
                <Description description="Date and time when the record was created." languagecode="1033" />
              </Descriptions>
            </attribute>
            <attribute PhysicalName="CreatedOnBehalfBy">
              <Type>lookup</Type>
              <Name>createdonbehalfby</Name>
              <LogicalName>createdonbehalfby</LogicalName>
              <RequiredLevel>none</RequiredLevel>
              <DisplayMask>ValidForAdvancedFind|ValidForForm|ValidForGrid</DisplayMask>
              <ImeMode>auto</ImeMode>
              <ValidForReadApi>1</ValidForReadApi>
              <IsCustomField>0</IsCustomField>
              <IsAuditEnabled>0</IsAuditEnabled>
              <IsSecured>0</IsSecured>
              <IsCustomizable>1</IsCustomizable>
              <IsRenameable>1</IsRenameable>
              <CanModifySearchSettings>1</CanModifySearchSettings>
              <CanModifyRequirementLevelSettings>1</CanModifyRequirementLevelSettings>
              <CanModifyAdditionalSettings>1</CanModifyAdditionalSettings>
              <ReferencedEntityObjectTypeCode>8</ReferencedEntityObjectTypeCode>
              <LookupStyle>single</LookupStyle>
              <LookupTypes />
              <displaynames>
                <displayname description="Created By (Delegate)" languagecode="1033" />
              </displaynames>
              <Descriptions>
                <Description description="Unique identifier of the delegate user who created the record." languagecode="1033" />
              </Descriptions>
            </attribute>
            <attribute PhysicalName="ImportSequenceNumber">
              <Type>int</Type>
              <Name>importsequencenumber</Name>
              <LogicalName>importsequencenumber</LogicalName>
              <RequiredLevel>none</RequiredLevel>
              <DisplayMask>ValidForAdvancedFind</DisplayMask>
              <ImeMode>disabled</ImeMode>
              <ValidForReadApi>1</ValidForReadApi>
              <ValidForCreateApi>1</ValidForCreateApi>
              <IsCustomField>0</IsCustomField>
              <IsAuditEnabled>1</IsAuditEnabled>
              <IsSecured>0</IsSecured>
              <IsCustomizable>1</IsCustomizable>
              <IsRenameable>1</IsRenameable>
              <CanModifySearchSettings>1</CanModifySearchSettings>
              <CanModifyRequirementLevelSettings>1</CanModifyRequirementLevelSettings>
              <CanModifyAdditionalSettings>1</CanModifyAdditionalSettings>
              <Format></Format>
              <MinValue>-2147483648</MinValue>
              <MaxValue>2147483647</MaxValue>
              <displaynames>
                <displayname description="Import Sequence Number" languagecode="1033" />
              </displaynames>
              <Descriptions>
                <Description description="Sequence number of the import that created this record." languagecode="1033" />
              </Descriptions>
            </attribute>
            <attribute PhysicalName="ModifiedBy">
              <Type>lookup</Type>
              <Name>modifiedby</Name>
              <LogicalName>modifiedby</LogicalName>
              <RequiredLevel>none</RequiredLevel>
              <DisplayMask>ValidForAdvancedFind|ValidForForm|ValidForGrid</DisplayMask>
              <ImeMode>auto</ImeMode>
              <ValidForReadApi>1</ValidForReadApi>
              <IsCustomField>0</IsCustomField>
              <IsAuditEnabled>0</IsAuditEnabled>
              <IsSecured>0</IsSecured>
              <IsCustomizable>1</IsCustomizable>
              <IsRenameable>1</IsRenameable>
              <CanModifySearchSettings>1</CanModifySearchSettings>
              <CanModifyRequirementLevelSettings>1</CanModifyRequirementLevelSettings>
              <CanModifyAdditionalSettings>1</CanModifyAdditionalSettings>
              <ReferencedEntityObjectTypeCode>8</ReferencedEntityObjectTypeCode>
              <LookupStyle>single</LookupStyle>
              <LookupTypes />
              <displaynames>
                <displayname description="Modified By" languagecode="1033" />
              </displaynames>
              <Descriptions>
                <Description description="Unique identifier of the user who modified the record." languagecode="1033" />
              </Descriptions>
            </attribute>
            <attribute PhysicalName="ModifiedOn">
              <Type>datetime</Type>
              <Name>modifiedon</Name>
              <LogicalName>modifiedon</LogicalName>
              <RequiredLevel>none</RequiredLevel>
              <DisplayMask>ValidForAdvancedFind|ValidForForm|ValidForGrid</DisplayMask>
              <ImeMode>inactive</ImeMode>
              <ValidForReadApi>1</ValidForReadApi>
              <IsCustomField>0</IsCustomField>
              <IsAuditEnabled>0</IsAuditEnabled>
              <IsSecured>0</IsSecured>
              <IsCustomizable>1</IsCustomizable>
              <IsRenameable>1</IsRenameable>
              <CanModifySearchSettings>1</CanModifySearchSettings>
              <CanModifyRequirementLevelSettings>1</CanModifyRequirementLevelSettings>
              <CanModifyAdditionalSettings>1</CanModifyAdditionalSettings>
              <Format>datetime</Format>
              <displaynames>
                <displayname description="Modified On" languagecode="1033" />
              </displaynames>
              <Descriptions>
                <Description description="Date and time when the record was modified." languagecode="1033" />
              </Descriptions>
            </attribute>
            <attribute PhysicalName="ModifiedOnBehalfBy">
              <Type>lookup</Type>
              <Name>modifiedonbehalfby</Name>
              <LogicalName>modifiedonbehalfby</LogicalName>
              <RequiredLevel>none</RequiredLevel>
              <DisplayMask>ValidForAdvancedFind|ValidForForm|ValidForGrid</DisplayMask>
              <ImeMode>auto</ImeMode>
              <ValidForReadApi>1</ValidForReadApi>
              <IsCustomField>0</IsCustomField>
              <IsAuditEnabled>0</IsAuditEnabled>
              <IsSecured>0</IsSecured>
              <IsCustomizable>1</IsCustomizable>
              <IsRenameable>1</IsRenameable>
              <CanModifySearchSettings>1</CanModifySearchSettings>
              <CanModifyRequirementLevelSettings>1</CanModifyRequirementLevelSettings>
              <CanModifyAdditionalSettings>1</CanModifyAdditionalSettings>
              <ReferencedEntityObjectTypeCode>8</ReferencedEntityObjectTypeCode>
              <LookupStyle>single</LookupStyle>
              <LookupTypes />
              <displaynames>
                <displayname description="Modified By (Delegate)" languagecode="1033" />
              </displaynames>
              <Descriptions>
                <Description description="Unique identifier of the delegate user who modified the record." languagecode="1033" />
              </Descriptions>
            </attribute>
            <attribute PhysicalName="OverriddenCreatedOn">
              <Type>datetime</Type>
              <Name>overriddencreatedon</Name>
              <LogicalName>overriddencreatedon</LogicalName>
              <RequiredLevel>none</RequiredLevel>
              <DisplayMask>ValidForAdvancedFind|ValidForGrid</DisplayMask>
              <ImeMode>inactive</ImeMode>
              <ValidForReadApi>1</ValidForReadApi>
              <ValidForCreateApi>1</ValidForCreateApi>
              <IsCustomField>0</IsCustomField>
              <IsAuditEnabled>1</IsAuditEnabled>
              <IsSecured>0</IsSecured>
              <IsCustomizable>1</IsCustomizable>
              <IsRenameable>1</IsRenameable>
              <CanModifySearchSettings>1</CanModifySearchSettings>
              <CanModifyRequirementLevelSettings>1</CanModifyRequirementLevelSettings>
              <CanModifyAdditionalSettings>1</CanModifyAdditionalSettings>
              <Format>date</Format>
              <displaynames>
                <displayname description="Record Created On" languagecode="1033" />
              </displaynames>
              <Descriptions>
                <Description description="Date and time that the record was migrated." languagecode="1033" />
              </Descriptions>
            </attribute>
            <attribute PhysicalName="OwnerId">
              <Type>owner</Type>
              <Name>ownerid</Name>
              <LogicalName>ownerid</LogicalName>
              <RequiredLevel>systemrequired</RequiredLevel>
              <DisplayMask>ValidForAdvancedFind|ValidForForm|ValidForGrid|RequiredForForm</DisplayMask>
              <ImeMode>auto</ImeMode>
              <ValidForReadApi>1</ValidForReadApi>
              <ValidForCreateApi>1</ValidForCreateApi>
              <IsCustomField>0</IsCustomField>
              <IsAuditEnabled>1</IsAuditEnabled>
              <IsSecured>0</IsSecured>
              <IsCustomizable>1</IsCustomizable>
              <IsRenameable>1</IsRenameable>
              <CanModifySearchSettings>1</CanModifySearchSettings>
              <CanModifyRequirementLevelSettings>1</CanModifyRequirementLevelSettings>
              <CanModifyAdditionalSettings>1</CanModifyAdditionalSettings>
              <LookupStyle>single</LookupStyle>
              <LookupTypes>
                <LookupType id="00000000-0000-0000-0000-000000000000">8</LookupType>
                <LookupType id="00000000-0000-0000-0000-000000000000">9</LookupType>
              </LookupTypes>
              <displaynames>
                <displayname description="Owner" languagecode="1033" />
              </displaynames>
              <Descriptions>
                <Description description="Owner Id" languagecode="1033" />
              </Descriptions>
            </attribute>
            <attribute PhysicalName="OwnerIdName">
              <Type>nvarchar</Type>
              <Name>owneridname</Name>
              <LogicalName>owneridname</LogicalName>
              <RequiredLevel>systemrequired</RequiredLevel>
              <ImeMode>auto</ImeMode>
              <ValidForReadApi>1</ValidForReadApi>
              <IsCustomField>0</IsCustomField>
              <IsAuditEnabled>1</IsAuditEnabled>
              <IsLogical>1</IsLogical>
              <IsSecured>0</IsSecured>
              <IsCustomizable>1</IsCustomizable>
              <IsRenameable>1</IsRenameable>
              <CanModifySearchSettings>1</CanModifySearchSettings>
              <CanModifyRequirementLevelSettings>1</CanModifyRequirementLevelSettings>
              <CanModifyAdditionalSettings>1</CanModifyAdditionalSettings>
              <Format>text</Format>
              <MaxLength>100</MaxLength>
              <Length>320</Length>
              <Descriptions>
                <Description description="Name of the owner" languagecode="1033" />
              </Descriptions>
            </attribute>
            <attribute PhysicalName="OwnerIdType">
              <Type>int</Type>
              <Name>owneridtype</Name>
              <LogicalName>owneridtype</LogicalName>
              <RequiredLevel>systemrequired</RequiredLevel>
              <DisplayMask>ObjectTypeCode</DisplayMask>
              <ImeMode>disabled</ImeMode>
              <ValidForReadApi>1</ValidForReadApi>
              <ValidForCreateApi>1</ValidForCreateApi>
              <IsCustomField>0</IsCustomField>
              <IsAuditEnabled>1</IsAuditEnabled>
              <IsSecured>0</IsSecured>
              <IsCustomizable>1</IsCustomizable>
              <IsRenameable>1</IsRenameable>
              <CanModifySearchSettings>1</CanModifySearchSettings>
              <CanModifyRequirementLevelSettings>1</CanModifyRequirementLevelSettings>
              <CanModifyAdditionalSettings>1</CanModifyAdditionalSettings>
              <Format></Format>
              <MinValue>-2147483648</MinValue>
              <MaxValue>2147483647</MaxValue>
              <Descriptions>
                <Description description="Owner Id Type" languagecode="1033" />
              </Descriptions>
            </attribute>
            <attribute PhysicalName="OwnerIdYomiName">
              <Type>nvarchar</Type>
              <Name>owneridyominame</Name>
              <LogicalName>owneridyominame</LogicalName>
              <RequiredLevel>systemrequired</RequiredLevel>
              <ImeMode>auto</ImeMode>
              <ValidForReadApi>1</ValidForReadApi>
              <IsCustomField>0</IsCustomField>
              <IsAuditEnabled>1</IsAuditEnabled>
              <IsLogical>1</IsLogical>
              <IsSecured>0</IsSecured>
              <IsCustomizable>1</IsCustomizable>
              <IsRenameable>1</IsRenameable>
              <CanModifySearchSettings>1</CanModifySearchSettings>
              <CanModifyRequirementLevelSettings>1</CanModifyRequirementLevelSettings>
              <CanModifyAdditionalSettings>1</CanModifyAdditionalSettings>
              <Format>text</Format>
              <MaxLength>100</MaxLength>
              <Length>320</Length>
              <YomiOf>OwnerIdName</YomiOf>
              <Descriptions>
                <Description description="Yomi name of the owner" languagecode="1033" />
              </Descriptions>
            </attribute>
            <attribute PhysicalName="OwningBusinessUnit">
              <Type>lookup</Type>
              <Name>owningbusinessunit</Name>
              <LogicalName>owningbusinessunit</LogicalName>
              <RequiredLevel>none</RequiredLevel>
              <ImeMode>auto</ImeMode>
              <ValidForReadApi>1</ValidForReadApi>
              <IsCustomField>0</IsCustomField>
              <IsAuditEnabled>0</IsAuditEnabled>
              <IsSecured>0</IsSecured>
              <IsCustomizable>1</IsCustomizable>
              <IsRenameable>1</IsRenameable>
              <CanModifySearchSettings>1</CanModifySearchSettings>
              <CanModifyRequirementLevelSettings>1</CanModifyRequirementLevelSettings>
              <CanModifyAdditionalSettings>1</CanModifyAdditionalSettings>
              <ReferencedEntityObjectTypeCode>10</ReferencedEntityObjectTypeCode>
              <LookupStyle>single</LookupStyle>
              <LookupTypes />
              <displaynames>
                <displayname description="Owning Business Unit" languagecode="1033" />
              </displaynames>
              <Descriptions>
                <Description description="Unique identifier for the business unit that owns the record" languagecode="1033" />
              </Descriptions>
            </attribute>
            <attribute PhysicalName="sample_Category">
              <Type>picklist</Type>
              <Name>sample_category</Name>
              <LogicalName>sample_category</LogicalName>
              <RequiredLevel>none</RequiredLevel>
              <DisplayMask>ValidForAdvancedFind|ValidForForm|ValidForGrid</DisplayMask>
              <ImeMode>auto</ImeMode>
              <ValidForUpdateApi>1</ValidForUpdateApi>
              <ValidForReadApi>1</ValidForReadApi>
              <ValidForCreateApi>1</ValidForCreateApi>
              <IsCustomField>1</IsCustomField>
              <IsAuditEnabled>0</IsAuditEnabled>
              <IsSecured>0</IsSecured>
              <IsCustomizable>1</IsCustomizable>
              <IsRenameable>1</IsRenameable>
              <CanModifySearchSettings>1</CanModifySearchSettings>
              <CanModifyRequirementLevelSettings>1</CanModifyRequirementLevelSettings>
              <CanModifyAdditionalSettings>1</CanModifyAdditionalSettings>
              <AppDefaultValue>-1</AppDefaultValue>
              <optionset Name="sample_ticket_sample_category">
                <OptionSetType>picklist</OptionSetType>
                <IsCustomizable>1</IsCustomizable>
                <displaynames>
                  <displayname description="Category" languagecode="1033" />
                </displaynames>
                <Descriptions>
                  <Description description="The major division of products into either Software or Hardware" languagecode="1033" />
                </Descriptions>
                <options>
                  <option value="727000000">
                    <labels>
                      <label description="Software" languagecode="1033" />
                    </labels>
                  </option>
                  <option value="727000001">
                    <labels>
                      <label description="Hardware" languagecode="1033" />
                    </labels>
                  </option>
                </options>
              </optionset>
              <displaynames>
                <displayname description="Category" languagecode="1033" />
              </displaynames>
              <Descriptions>
                <Description description="The major division of products into either Software or Hardware" languagecode="1033" />
              </Descriptions>
            </attribute>
            <attribute PhysicalName="sample_name">
              <Type>nvarchar</Type>
              <Name>sample_name</Name>
              <LogicalName>sample_name</LogicalName>
              <RequiredLevel>required</RequiredLevel>
              <DisplayMask>PrimaryName|ValidForAdvancedFind|ValidForForm|ValidForGrid|RequiredForForm</DisplayMask>
              <ImeMode>auto</ImeMode>
              <ValidForUpdateApi>1</ValidForUpdateApi>
              <ValidForReadApi>1</ValidForReadApi>
              <ValidForCreateApi>1</ValidForCreateApi>
              <IsCustomField>1</IsCustomField>
              <IsAuditEnabled>1</IsAuditEnabled>
              <IsSecured>0</IsSecured>
              <IsCustomizable>1</IsCustomizable>
              <IsRenameable>1</IsRenameable>
              <CanModifySearchSettings>1</CanModifySearchSettings>
              <CanModifyRequirementLevelSettings>1</CanModifyRequirementLevelSettings>
              <CanModifyAdditionalSettings>1</CanModifyAdditionalSettings>
              <Format>text</Format>
              <MaxLength>100</MaxLength>
              <Length>200</Length>
              <displaynames>
                <displayname description="Name" languagecode="1033" />
              </displaynames>
              <Descriptions>
                <Description description="The name of the custom entity." languagecode="1033" />
              </Descriptions>
            </attribute>
            <attribute PhysicalName="sample_SubCategory">
              <Type>picklist</Type>
              <Name>sample_subcategory</Name>
              <LogicalName>sample_subcategory</LogicalName>
              <RequiredLevel>none</RequiredLevel>
              <DisplayMask>ValidForAdvancedFind|ValidForForm|ValidForGrid</DisplayMask>
              <ImeMode>auto</ImeMode>
              <ValidForUpdateApi>1</ValidForUpdateApi>
              <ValidForReadApi>1</ValidForReadApi>
              <ValidForCreateApi>1</ValidForCreateApi>
              <IsCustomField>1</IsCustomField>
              <IsAuditEnabled>0</IsAuditEnabled>
              <IsSecured>0</IsSecured>
              <IsCustomizable>1</IsCustomizable>
              <IsRenameable>1</IsRenameable>
              <CanModifySearchSettings>1</CanModifySearchSettings>
              <CanModifyRequirementLevelSettings>1</CanModifyRequirementLevelSettings>
              <CanModifyAdditionalSettings>1</CanModifyAdditionalSettings>
              <AppDefaultValue>-1</AppDefaultValue>
              <optionset Name="sample_ticket_sample_subcategory">
                <OptionSetType>picklist</OptionSetType>
                <IsCustomizable>1</IsCustomizable>
                <displaynames>
                  <displayname description="Sub Category" languagecode="1033" />
                </displaynames>
                <options>
                  <option value="727000000">
                    <labels>
                      <label description="Personal Productivity" languagecode="1033" />
                    </labels>
                  </option>
                  <option value="727000001">
                    <labels>
                      <label description="Business Applications" languagecode="1033" />
                    </labels>
                  </option>
                  <option value="727000002">
                    <labels>
                      <label description="Operating Systems" languagecode="1033" />
                    </labels>
                  </option>
                  <option value="727000003">
                    <labels>
                      <label description="Desktop Computer" languagecode="1033" />
                    </labels>
                  </option>
                  <option value="727000004">
                    <labels>
                      <label description="Laptop Computer" languagecode="1033" />
                    </labels>
                  </option>
                  <option value="727000005">
                    <labels>
                      <label description="Monitor" languagecode="1033" />
                    </labels>
                  </option>
                  <option value="727000006">
                    <labels>
                      <label description="Printer" languagecode="1033" />
                    </labels>
                  </option>
                  <option value="727000007">
                    <labels>
                      <label description="Telephone" languagecode="1033" />
                    </labels>
                  </option>
                </options>
              </optionset>
              <displaynames>
                <displayname description="Sub Category" languagecode="1033" />
              </displaynames>
            </attribute>
            <attribute PhysicalName="sample_ticketId">
              <Type>primarykey</Type>
              <Name>sample_ticketid</Name>
              <LogicalName>sample_ticketid</LogicalName>
              <RequiredLevel>systemrequired</RequiredLevel>
              <DisplayMask>ValidForAdvancedFind|RequiredForGrid</DisplayMask>
              <ImeMode>auto</ImeMode>
              <ValidForReadApi>1</ValidForReadApi>
              <ValidForCreateApi>1</ValidForCreateApi>
              <IsCustomField>0</IsCustomField>
              <IsAuditEnabled>0</IsAuditEnabled>
              <IsSecured>0</IsSecured>
              <IsCustomizable>1</IsCustomizable>
              <IsRenameable>1</IsRenameable>
              <CanModifySearchSettings>1</CanModifySearchSettings>
              <CanModifyRequirementLevelSettings>0</CanModifyRequirementLevelSettings>
              <CanModifyAdditionalSettings>1</CanModifyAdditionalSettings>
              <displaynames>
                <displayname description="Ticket" languagecode="1033" />
              </displaynames>
              <Descriptions>
                <Description description="Unique identifier for entity instances" languagecode="1033" />
              </Descriptions>
            </attribute>
            <attribute PhysicalName="sample_Type">
              <Type>picklist</Type>
              <Name>sample_type</Name>
              <LogicalName>sample_type</LogicalName>
              <RequiredLevel>none</RequiredLevel>
              <DisplayMask>ValidForAdvancedFind|ValidForForm|ValidForGrid</DisplayMask>
              <ImeMode>auto</ImeMode>
              <ValidForUpdateApi>1</ValidForUpdateApi>
              <ValidForReadApi>1</ValidForReadApi>
              <ValidForCreateApi>1</ValidForCreateApi>
              <IsCustomField>1</IsCustomField>
              <IsAuditEnabled>0</IsAuditEnabled>
              <IsSecured>0</IsSecured>
              <IsCustomizable>1</IsCustomizable>
              <IsRenameable>1</IsRenameable>
              <CanModifySearchSettings>1</CanModifySearchSettings>
              <CanModifyRequirementLevelSettings>1</CanModifyRequirementLevelSettings>
              <CanModifyAdditionalSettings>1</CanModifyAdditionalSettings>
              <AppDefaultValue>-1</AppDefaultValue>
              <optionset Name="sample_ticket_sample_type">
                <OptionSetType>picklist</OptionSetType>
                <IsCustomizable>1</IsCustomizable>
                <displaynames>
                  <displayname description="Type" languagecode="1033" />
                </displaynames>
                <options>
                  <option value="727000000">
                    <labels>
                      <label description="Word Processor" languagecode="1033" />
                    </labels>
                  </option>
                  <option value="727000001">
                    <labels>
                      <label description="Spreadsheet" languagecode="1033" />
                    </labels>
                  </option>
                  <option value="727000002">
                    <labels>
                      <label description="Internet Browser" languagecode="1033" />
                    </labels>
                  </option>
                  <option value="727000003">
                    <labels>
                      <label description="E-mail" languagecode="1033" />
                    </labels>
                  </option>
                  <option value="727000004">
                    <labels>
                      <label description="Customer Relationship Management" languagecode="1033" />
                    </labels>
                  </option>
                  <option value="727000005">
                    <labels>
                      <label description="Enterprise Resource Management" languagecode="1033" />
                    </labels>
                  </option>
                  <option value="727000006">
                    <labels>
                      <label description="Human Resource Management" languagecode="1033" />
                    </labels>
                  </option>
                  <option value="727000007">
                    <labels>
                      <label description="Windows Vista" languagecode="1033" />
                    </labels>
                  </option>
                  <option value="727000008">
                    <labels>
                      <label description="Windows 7" languagecode="1033" />
                    </labels>
                  </option>
                  <option value="727000009">
                    <labels>
                      <label description="Windows Server 2003" languagecode="1033" />
                    </labels>
                  </option>
                  <option value="727000010">
                    <labels>
                      <label description="Windows Server 2008" languagecode="1033" />
                    </labels>
                  </option>
                  <option value="727000011">
                    <labels>
                      <label description="Workstation x1000" languagecode="1033" />
                    </labels>
                  </option>
                  <option value="727000012">
                    <labels>
                      <label description="Workstation x2000" languagecode="1033" />
                    </labels>
                  </option>
                  <option value="727000013">
                    <labels>
                      <label description="Workstation x3000" languagecode="1033" />
                    </labels>
                  </option>
                  <option value="727000014">
                    <labels>
                      <label description="Workstation x4000" languagecode="1033" />
                    </labels>
                  </option>
                  <option value="727000015">
                    <labels>
                      <label description="Laptop 1000 series" languagecode="1033" />
                    </labels>
                  </option>
                  <option value="727000016">
                    <labels>
                      <label description="Laptop 2000 series" languagecode="1033" />
                    </labels>
                  </option>
                  <option value="727000017">
                    <labels>
                      <label description="Laptop 3000 series" languagecode="1033" />
                    </labels>
                  </option>
                  <option value="727000018">
                    <labels>
                      <label description="Laptop 4000 series" languagecode="1033" />
                    </labels>
                  </option>
                  <option value="727000019">
                    <labels>
                      <label description="CRT-XYZ 17 inch" languagecode="1033" />
                    </labels>
                  </option>
                  <option value="727000020">
                    <labels>
                      <label description="LCD-XYZ 17 inch" languagecode="1033" />
                    </labels>
                  </option>
                  <option value="727000021">
                    <labels>
                      <label description="LCD-XYZ 21 inch" languagecode="1033" />
                    </labels>
                  </option>
                  <option value="727000022">
                    <labels>
                      <label description="LCD-XYZ 24 inch" languagecode="1033" />
                    </labels>
                  </option>
                  <option value="727000023">
                    <labels>
                      <label description="Series 1000 Printer - Private" languagecode="1033" />
                    </labels>
                  </option>
                  <option value="727000024">
                    <labels>
                      <label description="Series 2000 Color Printer - Private" languagecode="1033" />
                    </labels>
                  </option>
                  <option value="727000025">
                    <labels>
                      <label description="Series 9000 Printer - Shared" languagecode="1033" />
                    </labels>
                  </option>
                  <option value="727000026">
                    <labels>
                      <label description="Series 9000 Color Printer - Shared" languagecode="1033" />
                    </labels>
                  </option>
                  <option value="727000027">
                    <labels>
                      <label description="PSTN Phone" languagecode="1033" />
                    </labels>
                  </option>
                  <option value="727000028">
                    <labels>
                      <label description="IP Phone" languagecode="1033" />
                    </labels>
                  </option>
                  <option value="727000029">
                    <labels>
                      <label description="Mobile Phone" languagecode="1033" />
                    </labels>
                  </option>
                </options>
              </optionset>
              <displaynames>
                <displayname description="Type" languagecode="1033" />
              </displaynames>
            </attribute>
            <attribute PhysicalName="statecode">
              <Type>state</Type>
              <Name>statecode</Name>
              <LogicalName>statecode</LogicalName>
              <RequiredLevel>systemrequired</RequiredLevel>
              <DisplayMask>ValidForAdvancedFind|ValidForForm|ValidForGrid</DisplayMask>
              <ImeMode>auto</ImeMode>
              <ValidForReadApi>1</ValidForReadApi>
              <IsCustomField>0</IsCustomField>
              <IsAuditEnabled>1</IsAuditEnabled>
              <IsSecured>0</IsSecured>
              <IsCustomizable>1</IsCustomizable>
              <IsRenameable>1</IsRenameable>
              <CanModifySearchSettings>1</CanModifySearchSettings>
              <CanModifyRequirementLevelSettings>1</CanModifyRequirementLevelSettings>
              <CanModifyAdditionalSettings>1</CanModifyAdditionalSettings>
              <optionset Name="sample_ticket_statecode">
                <OptionSetType>state</OptionSetType>
                <IsCustomizable>1</IsCustomizable>
                <displaynames>
                  <displayname description="Status" languagecode="1033" />
                </displaynames>
                <Descriptions>
                  <Description description="Status of the Ticket" languagecode="1033" />
                </Descriptions>
                <states>
                  <state value="0" defaultstatus="1" invariantname="Active">
                    <labels>
                      <label description="Active" languagecode="1033" />
                    </labels>
                  </state>
                  <state value="1" defaultstatus="2" invariantname="Inactive">
                    <labels>
                      <label description="Inactive" languagecode="1033" />
                    </labels>
                  </state>
                </states>
              </optionset>
              <displaynames>
                <displayname description="Status" languagecode="1033" />
              </displaynames>
              <Descriptions>
                <Description description="Status of the Ticket" languagecode="1033" />
              </Descriptions>
            </attribute>
            <attribute PhysicalName="statuscode">
              <Type>status</Type>
              <Name>statuscode</Name>
              <LogicalName>statuscode</LogicalName>
              <RequiredLevel>none</RequiredLevel>
              <DisplayMask>ValidForAdvancedFind|ValidForForm|ValidForGrid</DisplayMask>
              <ImeMode>auto</ImeMode>
              <ValidForUpdateApi>1</ValidForUpdateApi>
              <ValidForReadApi>1</ValidForReadApi>
              <ValidForCreateApi>1</ValidForCreateApi>
              <IsCustomField>0</IsCustomField>
              <IsAuditEnabled>1</IsAuditEnabled>
              <IsSecured>0</IsSecured>
              <IsCustomizable>1</IsCustomizable>
              <IsRenameable>1</IsRenameable>
              <CanModifySearchSettings>1</CanModifySearchSettings>
              <CanModifyRequirementLevelSettings>1</CanModifyRequirementLevelSettings>
              <CanModifyAdditionalSettings>1</CanModifyAdditionalSettings>
              <optionset Name="sample_ticket_statuscode">
                <OptionSetType>status</OptionSetType>
                <IsCustomizable>1</IsCustomizable>
                <displaynames>
                  <displayname description="Status Reason" languagecode="1033" />
                </displaynames>
                <Descriptions>
                  <Description description="Reason for the status of the Ticket" languagecode="1033" />
                </Descriptions>
                <statuses>
                  <status value="1" state="0">
                    <labels>
                      <label description="Active" languagecode="1033" />
                    </labels>
                  </status>
                  <status value="2" state="1">
                    <labels>
                      <label description="Inactive" languagecode="1033" />
                    </labels>
                  </status>
                </statuses>
              </optionset>
              <displaynames>
                <displayname description="Status Reason" languagecode="1033" />
              </displaynames>
              <Descriptions>
                <Description description="Reason for the status of the Ticket" languagecode="1033" />
              </Descriptions>
            </attribute>
            <attribute PhysicalName="TimeZoneRuleVersionNumber">
              <Type>int</Type>
              <Name>timezoneruleversionnumber</Name>
              <LogicalName>timezoneruleversionnumber</LogicalName>
              <RequiredLevel>none</RequiredLevel>
              <ImeMode>auto</ImeMode>
              <ValidForUpdateApi>1</ValidForUpdateApi>
              <ValidForReadApi>1</ValidForReadApi>
              <ValidForCreateApi>1</ValidForCreateApi>
              <IsCustomField>0</IsCustomField>
              <IsAuditEnabled>0</IsAuditEnabled>
              <IsSecured>0</IsSecured>
              <IsCustomizable>1</IsCustomizable>
              <IsRenameable>1</IsRenameable>
              <CanModifySearchSettings>1</CanModifySearchSettings>
              <CanModifyRequirementLevelSettings>1</CanModifyRequirementLevelSettings>
              <CanModifyAdditionalSettings>1</CanModifyAdditionalSettings>
              <Format></Format>
              <MinValue>-1</MinValue>
              <MaxValue>2147483647</MaxValue>
              <displaynames>
                <displayname description="Time Zone Rule Version Number" languagecode="1033" />
              </displaynames>
              <Descriptions>
                <Description description="For internal use only." languagecode="1033" />
              </Descriptions>
            </attribute>
            <attribute PhysicalName="UTCConversionTimeZoneCode">
              <Type>int</Type>
              <Name>utcconversiontimezonecode</Name>
              <LogicalName>utcconversiontimezonecode</LogicalName>
              <RequiredLevel>none</RequiredLevel>
              <ImeMode>auto</ImeMode>
              <ValidForUpdateApi>1</ValidForUpdateApi>
              <ValidForReadApi>1</ValidForReadApi>
              <ValidForCreateApi>1</ValidForCreateApi>
              <IsCustomField>0</IsCustomField>
              <IsAuditEnabled>0</IsAuditEnabled>
              <IsSecured>0</IsSecured>
              <IsCustomizable>1</IsCustomizable>
              <IsRenameable>1</IsRenameable>
              <CanModifySearchSettings>1</CanModifySearchSettings>
              <CanModifyRequirementLevelSettings>1</CanModifyRequirementLevelSettings>
              <CanModifyAdditionalSettings>1</CanModifyAdditionalSettings>
              <Format></Format>
              <MinValue>-1</MinValue>
              <MaxValue>2147483647</MaxValue>
              <displaynames>
                <displayname description="UTC Conversion Time Zone Code" languagecode="1033" />
              </displaynames>
              <Descriptions>
                <Description description="Time zone code that was in use when the record was created." languagecode="1033" />
              </Descriptions>
            </attribute>
            <attribute PhysicalName="VersionNumber">
              <Type>timestamp</Type>
              <Name>versionnumber</Name>
              <LogicalName>versionnumber</LogicalName>
              <RequiredLevel>none</RequiredLevel>
              <ImeMode>auto</ImeMode>
              <ValidForReadApi>1</ValidForReadApi>
              <IsCustomField>0</IsCustomField>
              <IsAuditEnabled>0</IsAuditEnabled>
              <IsSecured>0</IsSecured>
              <IsCustomizable>1</IsCustomizable>
              <IsRenameable>1</IsRenameable>
              <CanModifySearchSettings>1</CanModifySearchSettings>
              <CanModifyRequirementLevelSettings>1</CanModifyRequirementLevelSettings>
              <CanModifyAdditionalSettings>1</CanModifyAdditionalSettings>
            </attribute>
          </attributes>
          <IsDuplicateCheckSupported>0</IsDuplicateCheckSupported>
          <IsRequiredOffline>0</IsRequiredOffline>
          <IsCollaboration>0</IsCollaboration>
          <AutoRouteToOwnerQueue>0</AutoRouteToOwnerQueue>
          <IsConnectionsEnabled>0</IsConnectionsEnabled>
          <IsDocumentManagementEnabled>0</IsDocumentManagementEnabled>
          <OwnershipTypeMask>UserOwned</OwnershipTypeMask>
          <IsAuditEnabled>0</IsAuditEnabled>
          <IsActivity>0</IsActivity>
          <ActivityTypeMask>CommunicationActivity</ActivityTypeMask>
          <IsActivityParty>0</IsActivityParty>
          <IsReplicated>0</IsReplicated>
          <IsReplicationUserFiltered>0</IsReplicationUserFiltered>
          <IsMailMergeEnabled>0</IsMailMergeEnabled>
          <IsVisibleInMobile>0</IsVisibleInMobile>
          <IsMapiGridEnabled>1</IsMapiGridEnabled>
          <IsReadingPaneEnabled>0</IsReadingPaneEnabled>
          <IsCustomizable>1</IsCustomizable>
          <IsRenameable>1</IsRenameable>
          <IsMappable>1</IsMappable>
          <CanModifyAuditSettings>1</CanModifyAuditSettings>
          <CanModifyMobileVisibility>1</CanModifyMobileVisibility>
          <CanModifyConnectionSettings>1</CanModifyConnectionSettings>
          <CanModifyDuplicateDetectionSettings>1</CanModifyDuplicateDetectionSettings>
          <CanModifyMailMergeSettings>1</CanModifyMailMergeSettings>
          <CanModifyQueueSettings>1</CanModifyQueueSettings>
          <CanCreateAttributes>1</CanCreateAttributes>
          <CanCreateForms>1</CanCreateForms>
          <CanCreateCharts>1</CanCreateCharts>
          <CanCreateViews>1</CanCreateViews>
          <CanModifyAdditionalSettings>1</CanModifyAdditionalSettings>
        </entity>
      </EntityInfo>
      <FormXml>
        <forms type="main">
          <systemform>
            <formid>{213e0c41-92e6-4378-9aaa-fdb1215618fa}</formid>
            <form shownavigationbar="true">
              <tabs>
                <tab verticallayout="true" id="{7d9eeaa1-e02d-4701-8b6b-aaf153c7f936}" IsUserDefined="1">
                  <labels>
                    <label description="General" languagecode="1033" />
                  </labels>
                  <columns>
                    <column width="100%">
                      <sections>
                        <section name="dependentOptionSetExample" showlabel="true" showbar="true" locklevel="0" id="{099e0263-7de4-2546-dde9-a44108cba95c}" IsUserDefined="0" layout="varwidth" columns="111" labelwidth="115" celllabelalignment="Left" celllabelposition="Top">
                          <labels>
                            <label description="Dependent Option Set Example" languagecode="1033" />
                          </labels>
                          <rows>
                            <row>
                              <cell id="{01478284-a22e-3c06-4508-e47cdd7a6b62}" showlabel="true" locklevel="0">
                                <labels>
                                  <label description="" languagecode="1033" />
                                </labels>
                                <control id="sample_category" classid="{3EF39988-22BB-4f0b-BBBE-64B5A3748AEE}" datafieldname="sample_category" disabled="false" />
                              </cell>
                              <cell id="{dc6c1a56-249d-2897-5567-9c78b31b18cb}" showlabel="true" locklevel="0">
                                <labels>
                                  <label description="" languagecode="1033" />
                                </labels>
                                <control id="sample_subcategory" classid="{3EF39988-22BB-4f0b-BBBE-64B5A3748AEE}" datafieldname="sample_subcategory" disabled="false" />
                              </cell>
                              <cell id="{959611dd-8799-d007-95d4-8784694206c5}" showlabel="true" locklevel="0">
                                <labels>
                                  <label description="" languagecode="1033" />
                                </labels>
                                <control id="sample_type" classid="{3EF39988-22BB-4f0b-BBBE-64B5A3748AEE}" datafieldname="sample_type" disabled="false" />
                              </cell>
                            </row>
                          </rows>
                        </section>
                        <section showlabel="false" showbar="false" IsUserDefined="0" id="{c6eaefca-1afe-4262-bd16-6d4d3cb75c66}">
                          <labels>
                            <label description="General" languagecode="1033" />
                          </labels>
                          <rows>
                            <row>
                              <cell id="{197a8a51-6ffe-4154-b9dc-f2b18291e056}">
                                <labels>
                                  <label description="" languagecode="1033" />
                                </labels>
                                <control id="sample_name" classid="{4273EDBD-AC1D-40d3-9FB2-095C621B552D}" datafieldname="sample_name" />
                              </cell>
                              <cell id="{04056e4c-7277-4af6-8015-eb049f49a408}">
                                <labels>
                                  <label description="" languagecode="1033" />
                                </labels>
                                <control id="ownerid" classid="{270BD3DB-D9AF-4782-9025-509E298DEC0A}" datafieldname="ownerid" />
                              </cell>
                            </row>
                          </rows>
                        </section>
                      </sections>
                    </column>
                  </columns>
                </tab>
              </tabs>
              <footer id="{ed1c5549-cdc1-4829-a70d-790d55527702}">
                <rows>
                  <row>
                    <cell id="{adb4a9fc-8687-44d0-a1f2-5eb8f4f55ed0}">
                      <labels>
                        <label description="" languagecode="1033" />
                      </labels>
                      <control id="footer_statecode" classid="{3EF39988-22BB-4f0b-BBBE-64B5A3748AEE}" datafieldname="statecode" />
                    </cell>
                  </row>
                </rows>
              </footer>
              <Navigation>
                <NavBar></NavBar>
                <NavBarAreas>
                  <NavBarArea Id="Info">
                    <Titles>
                      <Title LCID="1033" Text="Common" />
                    </Titles>
                  </NavBarArea>
                  <NavBarArea Id="Sales">
                    <Titles>
                      <Title LCID="1033" Text="Sales" />
                    </Titles>
                  </NavBarArea>
                  <NavBarArea Id="Service">
                    <Titles>
                      <Title LCID="1033" Text="Service" />
                    </Titles>
                  </NavBarArea>
                  <NavBarArea Id="Marketing">
                    <Titles>
                      <Title LCID="1033" Text="Marketing" />
                    </Titles>
                  </NavBarArea>
                  <NavBarArea Id="ProcessCenter">
                    <Titles>
                      <Title LCID="1033" Text="Processes" />
                    </Titles>
                  </NavBarArea>
                </NavBarAreas>
              </Navigation>
              <formLibraries>
                <Library name="sample_SDK.DependentOptionSetSample.js" libraryUniqueId="{3bded49e-7389-4347-cde8-1a83692466ec}" />
              </formLibraries>
              <events>
                <event name="onload" application="false" active="false">
                  <Handlers>
                    <Handler functionName="SDK.DependentOptionSet.init" libraryName="sample_SDK.DependentOptionSetSample.js" handlerUniqueId="{5b5711c6-20dc-c182-0ed6-52c663d85c40}" enabled="true" parameters="&quot;sample_TicketDependentOptionSetConfig.xml&quot;" passExecutionContext="false" />
                  </Handlers>
                </event>
                <event name="onchange" application="false" active="false" attribute="sample_category">
                  <Handlers>
                    <Handler handlerUniqueId="{23d57c43-7e66-eb75-576e-862a18747d27}" functionName="SDK.DependentOptionSet.filterDependentField" libraryName="sample_SDK.DependentOptionSetSample.js" enabled="true" passExecutionContext="false" parameters="&quot;sample_category&quot;, &quot;sample_subcategory&quot;" />
                  </Handlers>
                </event>
                <event name="onchange" application="false" active="false" attribute="sample_subcategory">
                  <Handlers>
                    <Handler handlerUniqueId="{7c2759ca-7c93-b399-a073-834ed41c32d8}" functionName="SDK.DependentOptionSet.filterDependentField" libraryName="sample_SDK.DependentOptionSetSample.js" enabled="true" passExecutionContext="false" parameters="&quot;sample_subcategory&quot;, &quot;sample_type&quot;" />
                  </Handlers>
                </event>
              </events>
            </form>
            <IsCustomizable>1</IsCustomizable>
            <CanBeDeleted>1</CanBeDeleted>
            <LocalizedNames>
              <LocalizedName description="Information" languagecode="1033" />
            </LocalizedNames>
            <Descriptions>
              <Description description="A form for this entity." languagecode="1033" />
            </Descriptions>
          </systemform>
        </forms>
        <forms type="mobile">
          <systemform>
            <formid>{ba2743c1-3182-4341-8e5b-a0de2e6c8093}</formid>
            <form>
              <tabs>
                <tab name="general" verticallayout="true" id="{33cfbcc1-40ba-4345-9d60-72361061199d}" IsUserDefined="0">
                  <labels>
                    <label description="" languagecode="1033" />
                  </labels>
                  <columns>
                    <column width="100%">
                      <sections>
                        <section name="account information" showlabel="false" showbar="false" id="{5cef9a50-2878-4caf-9ba8-98fd376d27dc}" IsUserDefined="0">
                          <labels>
                            <label description="" languagecode="1033" />
                          </labels>
                          <rows>
                            <row>
                              <cell id="{d0386e21-e616-42fa-bff9-d43303db2f8d}">
                                <labels>
                                  <label description="" languagecode="1033" />
                                </labels>
                                <control id="sample_name" classid="{4273EDBD-AC1D-40d3-9FB2-095C621B552D}" datafieldname="sample_name" disabled="false" />
                              </cell>
                              <cell id="{9007a355-11d3-4e6f-8a18-cde5fc01a955}">
                                <labels>
                                  <label description="" languagecode="1033" />
                                </labels>
                                <control id="statecode" classid="{3EF39988-22BB-4f0b-BBBE-64B5A3748AEE}" datafieldname="statecode" disabled="false" />
                              </cell>
                              <cell id="{ef2fb848-92d9-4e3c-be60-4238798d66e9}">
                                <labels>
                                  <label description="" languagecode="1033" />
                                </labels>
                                <control id="ownerid" classid="{270BD3DB-D9AF-4782-9025-509E298DEC0A}" datafieldname="ownerid" disabled="false" />
                              </cell>
                            </row>
                          </rows>
                        </section>
                      </sections>
                    </column>
                  </columns>
                </tab>
              </tabs>
            </form>
            <IsCustomizable>1</IsCustomizable>
            <CanBeDeleted>1</CanBeDeleted>
            <LocalizedNames>
              <LocalizedName description="Information" languagecode="1033" />
            </LocalizedNames>
            <Descriptions>
              <Description description="This is the form that is displayed for the CRM Mobile application." languagecode="1033" />
            </Descriptions>
          </systemform>
        </forms>
      </FormXml>
      <SavedQueries>
        <savedqueries>
          <savedquery>
            <IsCustomizable>1</IsCustomizable>
            <CanBeDeleted>0</CanBeDeleted>
            <isquickfindquery>0</isquickfindquery>
            <isprivate>0</isprivate>
            <isdefault>1</isdefault>
            <returnedtypecode>10000</returnedtypecode>
            <savedqueryid>{310439bb-86cd-4f08-8ad8-c80b3630e90c}</savedqueryid>
            <layoutxml>
              <grid name="resultset" object="10000" jump="sample_name" select="1" icon="1" preview="1">
                <row name="result" id="sample_ticketid">
                  <cell name="sample_name" width="300" />
                  <cell name="createdon" width="125" />
                </row>
              </grid>
            </layoutxml>
            <querytype>0</querytype>
            <fetchxml>
              <fetch version="1.0" mapping="logical">
                <entity name="sample_ticket">
                  <attribute name="sample_ticketid" />
                  <attribute name="sample_name" />
                  <attribute name="createdon" />
                  <order attribute="sample_name" descending="false" />
                  <filter type="and">
                    <condition attribute="statecode" operator="eq" value="0" />
                  </filter>
                </entity>
              </fetch>
            </fetchxml>
            <LocalizedNames>
              <LocalizedName description="Active Tickets" languagecode="1033" />
            </LocalizedNames>
          </savedquery>
          <savedquery>
            <IsCustomizable>1</IsCustomizable>
            <CanBeDeleted>0</CanBeDeleted>
            <isquickfindquery>0</isquickfindquery>
            <isprivate>0</isprivate>
            <isdefault>0</isdefault>
            <returnedtypecode>10000</returnedtypecode>
            <savedqueryid>{b0bc9b34-dbbd-4d15-87cd-f05dec446b13}</savedqueryid>
            <layoutxml>
              <grid name="resultset" object="10000" jump="sample_name" select="1" icon="1" preview="1">
                <row name="result" id="sample_ticketid">
                  <cell name="sample_name" width="300" />
                  <cell name="createdon" width="125" />
                </row>
              </grid>
            </layoutxml>
            <querytype>0</querytype>
            <fetchxml>
              <fetch version="1.0" mapping="logical">
                <entity name="sample_ticket">
                  <attribute name="sample_ticketid" />
                  <attribute name="sample_name" />
                  <attribute name="createdon" />
                  <order attribute="sample_name" descending="false" />
                  <filter type="and">
                    <condition attribute="statecode" operator="eq" value="1" />
                  </filter>
                </entity>
              </fetch>
            </fetchxml>
            <LocalizedNames>
              <LocalizedName description="Inactive Tickets" languagecode="1033" />
            </LocalizedNames>
          </savedquery>
          <savedquery>
            <IsCustomizable>1</IsCustomizable>
            <CanBeDeleted>1</CanBeDeleted>
            <isquickfindquery>0</isquickfindquery>
            <isprivate>0</isprivate>
            <isdefault>1</isdefault>
            <returnedtypecode>10000</returnedtypecode>
            <savedqueryid>{4ec6da84-ad51-e111-866d-00155dba381a}</savedqueryid>
            <querytype>8192</querytype>
            <fetchxml>
              <fetch version="1.0" mapping="logical" output-format="xml-platform">
                <entity name="sample_ticket">
                  <attribute name="sample_ticketid" />
                  <filter type="and">
                    <condition attribute="statecode" operator="eq" value="0" />
                    <condition attribute="ownerid" operator="eq-userid" />
                  </filter>
                </entity>
              </fetch>
            </fetchxml>
            <LocalizedNames>
              <LocalizedName description="My Tickets" languagecode="1033" />
            </LocalizedNames>
          </savedquery>
          <savedquery>
            <IsCustomizable>1</IsCustomizable>
            <CanBeDeleted>0</CanBeDeleted>
            <isquickfindquery>1</isquickfindquery>
            <isprivate>0</isprivate>
            <isdefault>1</isdefault>
            <returnedtypecode>10000</returnedtypecode>
            <savedqueryid>{46eb0fde-bc6b-4f5f-a059-6ee8375fea33}</savedqueryid>
            <layoutxml>
              <grid name="resultset" object="10000" jump="sample_name" select="1" icon="1" preview="1">
                <row name="result" id="sample_ticketid">
                  <cell name="sample_name" width="300" />
                  <cell name="createdon" width="125" />
                </row>
              </grid>
            </layoutxml>
            <querytype>4</querytype>
            <fetchxml>
              <fetch version="1.0" mapping="logical">
                <entity name="sample_ticket">
                  <attribute name="sample_ticketid" />
                  <attribute name="sample_name" />
                  <attribute name="createdon" />
                  <order attribute="sample_name" descending="false" />
                  <filter type="and">
                    <condition attribute="statecode" operator="eq" value="0" />
                  </filter>
                  <filter type="or" isquickfindfields="1">
                    <condition attribute="sample_name" operator="like" value="{0}" />
                  </filter>
                </entity>
              </fetch>
            </fetchxml>
            <LocalizedNames>
              <LocalizedName description="Quick Find Active Tickets" languagecode="1033" />
            </LocalizedNames>
          </savedquery>
          <savedquery>
            <IsCustomizable>1</IsCustomizable>
            <CanBeDeleted>0</CanBeDeleted>
            <isquickfindquery>0</isquickfindquery>
            <isprivate>0</isprivate>
            <isdefault>1</isdefault>
            <returnedtypecode>10000</returnedtypecode>
            <savedqueryid>{c499cc9b-4f6d-4b95-aff6-3c4bc338552d}</savedqueryid>
            <layoutxml>
              <grid name="resultset" object="10000" jump="sample_name" select="1" icon="1" preview="1">
                <row name="result" id="sample_ticketid">
                  <cell name="sample_name" width="300" />
                  <cell name="createdon" width="125" />
                </row>
              </grid>
            </layoutxml>
            <querytype>1</querytype>
            <fetchxml>
              <fetch version="1.0" mapping="logical">
                <entity name="sample_ticket">
                  <attribute name="sample_ticketid" />
                  <attribute name="sample_name" />
                  <attribute name="createdon" />
                  <order attribute="sample_name" descending="false" />
                </entity>
              </fetch>
            </fetchxml>
            <LocalizedNames>
              <LocalizedName description="Ticket Advanced Find View" languagecode="1033" />
            </LocalizedNames>
          </savedquery>
          <savedquery>
            <IsCustomizable>1</IsCustomizable>
            <CanBeDeleted>0</CanBeDeleted>
            <isquickfindquery>0</isquickfindquery>
            <isprivate>0</isprivate>
            <isdefault>1</isdefault>
            <returnedtypecode>10000</returnedtypecode>
            <savedqueryid>{fa5bce6a-7e0d-45e7-95bd-6ca74f85e614}</savedqueryid>
            <layoutxml>
              <grid name="" object="10000" jump="sample_name" select="1" icon="1" preview="1">
                <row name="sample_ticket" id="sample_ticketid">
                  <cell name="sample_name" width="300" />
                  <cell name="createdon" width="125" />
                </row>
              </grid>
            </layoutxml>
            <querytype>2</querytype>
            <fetchxml>
              <fetch version="1.0" mapping="logical">
                <entity name="sample_ticket">
                  <attribute name="sample_ticketid" />
                  <attribute name="sample_name" />
                  <attribute name="createdon" />
                  <order attribute="sample_name" descending="false" />
                  <filter type="and">
                    <condition attribute="statecode" operator="eq" value="0" />
                  </filter>
                </entity>
              </fetch>
            </fetchxml>
            <LocalizedNames>
              <LocalizedName description="Ticket Associated View" languagecode="1033" />
            </LocalizedNames>
          </savedquery>
          <savedquery>
            <IsCustomizable>1</IsCustomizable>
            <CanBeDeleted>0</CanBeDeleted>
            <isquickfindquery>0</isquickfindquery>
            <isprivate>0</isprivate>
            <isdefault>1</isdefault>
            <returnedtypecode>10000</returnedtypecode>
            <savedqueryid>{ec872a5d-b85d-4d5c-8fe7-a1815f52f724}</savedqueryid>
            <layoutxml>
              <grid name="" object="10000" jump="sample_name" select="1" icon="1" preview="0">
                <row name="sample_ticket" id="sample_ticketid">
                  <cell name="sample_name" width="300" />
                  <cell name="createdon" width="125" />
                </row>
              </grid>
            </layoutxml>
            <querytype>64</querytype>
            <fetchxml>
              <fetch version="1.0" mapping="logical">
                <entity name="sample_ticket">
                  <attribute name="sample_ticketid" />
                  <attribute name="sample_name" />
                  <attribute name="createdon" />
                  <filter type="and">
                    <condition attribute="statecode" operator="eq" value="0" />
                  </filter>
                </entity>
              </fetch>
            </fetchxml>
            <LocalizedNames>
              <LocalizedName description="Ticket Lookup View" languagecode="1033" />
            </LocalizedNames>
          </savedquery>
        </savedqueries>
      </SavedQueries>
      <RibbonDiffXml>
        <CustomActions />
        <Templates>
          <RibbonTemplates Id="Mscrm.Templates"></RibbonTemplates>
        </Templates>
        <CommandDefinitions />
        <RuleDefinitions>
          <TabDisplayRules />
          <DisplayRules />
          <EnableRules />
        </RuleDefinitions>
        <LocLabels />
      </RibbonDiffXml>
    </Entity>
  </Entities>
  <Roles></Roles>
  <Workflows></Workflows>
  <FieldSecurityProfiles></FieldSecurityProfiles>
  <Templates />
  <EntityMaps />
  <EntityRelationships>
    <EntityRelationship Name="business_unit_sample_ticket">
      <EntityRelationshipType>OneToMany</EntityRelationshipType>
      <IsCustomizable>1</IsCustomizable>
      <ReferencingEntityName>sample_ticket</ReferencingEntityName>
      <ReferencedEntityName>BusinessUnit</ReferencedEntityName>
      <ReferencingAttributeName>OwningBusinessUnit</ReferencingAttributeName>
      <RelationshipDescription>
        <Descriptions>
          <Description description="Unique identifier for the business unit that owns the record" languagecode="1033" />
        </Descriptions>
      </RelationshipDescription>
      <field name="owningbusinessunit" requiredlevel="none" imemode="auto" lookupstyle="single" lookupbrowse="0">
        <IsCustomizable>1</IsCustomizable>
        <IsRenameable>1</IsRenameable>
        <CanModifySearchSettings>1</CanModifySearchSettings>
        <CanModifyRequirementLevelSettings>1</CanModifyRequirementLevelSettings>
        <IsSecured>0</IsSecured>
        <IsAuditEnabled>0</IsAuditEnabled>
        <displaynames>
          <displayname description="Owning Business Unit" languagecode="1033" />
        </displaynames>
      </field>
    </EntityRelationship>
    <EntityRelationship Name="lk_sample_ticket_createdby">
      <EntityRelationshipType>OneToMany</EntityRelationshipType>
      <IsCustomizable>1</IsCustomizable>
      <ReferencingEntityName>sample_ticket</ReferencingEntityName>
      <ReferencedEntityName>SystemUser</ReferencedEntityName>
      <ReferencingAttributeName>CreatedBy</ReferencingAttributeName>
      <RelationshipDescription>
        <Descriptions>
          <Description description="Unique identifier of the user who created the record." languagecode="1033" />
        </Descriptions>
      </RelationshipDescription>
      <field name="createdby" requiredlevel="none" imemode="auto" lookupstyle="single" lookupbrowse="0">
        <IsCustomizable>1</IsCustomizable>
        <IsRenameable>1</IsRenameable>
        <CanModifySearchSettings>1</CanModifySearchSettings>
        <CanModifyRequirementLevelSettings>1</CanModifyRequirementLevelSettings>
        <IsSecured>0</IsSecured>
        <DisplayMask>ValidForAdvancedFind|ValidForForm|ValidForGrid</DisplayMask>
        <IsAuditEnabled>0</IsAuditEnabled>
        <displaynames>
          <displayname description="Created By" languagecode="1033" />
        </displaynames>
      </field>
    </EntityRelationship>
    <EntityRelationship Name="lk_sample_ticket_modifiedby">
      <EntityRelationshipType>OneToMany</EntityRelationshipType>
      <IsCustomizable>1</IsCustomizable>
      <ReferencingEntityName>sample_ticket</ReferencingEntityName>
      <ReferencedEntityName>SystemUser</ReferencedEntityName>
      <ReferencingAttributeName>ModifiedBy</ReferencingAttributeName>
      <RelationshipDescription>
        <Descriptions>
          <Description description="Unique identifier of the user who modified the record." languagecode="1033" />
        </Descriptions>
      </RelationshipDescription>
      <field name="modifiedby" requiredlevel="none" imemode="auto" lookupstyle="single" lookupbrowse="0">
        <IsCustomizable>1</IsCustomizable>
        <IsRenameable>1</IsRenameable>
        <CanModifySearchSettings>1</CanModifySearchSettings>
        <CanModifyRequirementLevelSettings>1</CanModifyRequirementLevelSettings>
        <IsSecured>0</IsSecured>
        <DisplayMask>ValidForAdvancedFind|ValidForForm|ValidForGrid</DisplayMask>
        <IsAuditEnabled>0</IsAuditEnabled>
        <displaynames>
          <displayname description="Modified By" languagecode="1033" />
        </displaynames>
      </field>
    </EntityRelationship>
    <EntityRelationship Name="owner_sample_ticket">
      <EntityRelationshipType>OneToMany</EntityRelationshipType>
      <IsCustomizable>1</IsCustomizable>
      <ReferencingEntityName>sample_ticket</ReferencingEntityName>
      <ReferencedEntityName>Owner</ReferencedEntityName>
      <ReferencingAttributeName>OwnerId</ReferencingAttributeName>
      <RelationshipDescription>
        <Descriptions>
          <Description description="Owner Id" languagecode="1033" />
        </Descriptions>
      </RelationshipDescription>
      <field name="ownerid" requiredlevel="systemrequired" imemode="auto" lookupstyle="single" lookupbrowse="0" lookuptypes="8, 9">
        <IsCustomizable>1</IsCustomizable>
        <IsRenameable>1</IsRenameable>
        <CanModifySearchSettings>1</CanModifySearchSettings>
        <CanModifyRequirementLevelSettings>1</CanModifyRequirementLevelSettings>
        <IsSecured>0</IsSecured>
        <DisplayMask>ValidForAdvancedFind|ValidForForm|ValidForGrid|RequiredForForm</DisplayMask>
        <IsAuditEnabled>1</IsAuditEnabled>
        <displaynames>
          <displayname description="Owner" languagecode="1033" />
        </displaynames>
      </field>
    </EntityRelationship>
    <EntityRelationship Name="sample_ticket_AsyncOperations">
      <EntityRelationshipType>OneToMany</EntityRelationshipType>
      <IsCustomizable>1</IsCustomizable>
      <ReferencingEntityName>AsyncOperation</ReferencingEntityName>
      <ReferencedEntityName>sample_ticket</ReferencedEntityName>
      <ReferencingAttributeName>RegardingObjectId</ReferencingAttributeName>
      <RelationshipDescription>
        <Descriptions>
          <Description description="Unique identifier of the object with which the system job is associated." languagecode="1033" />
        </Descriptions>
      </RelationshipDescription>
      <field name="regardingobjectid" requiredlevel="none" imemode="auto" lookupstyle="single" lookupbrowse="0" format="regarding">
        <IsSecured>0</IsSecured>
        <DisplayMask>ValidForAdvancedFind|ValidForForm|ValidForGrid</DisplayMask>
        <IsAuditEnabled>1</IsAuditEnabled>
        <displaynames>
          <displayname description="Regarding" languagecode="1033" />
        </displaynames>
      </field>
    </EntityRelationship>
    <EntityRelationship Name="sample_ticket_BulkDeleteFailures">
      <EntityRelationshipType>OneToMany</EntityRelationshipType>
      <IsCustomizable>1</IsCustomizable>
      <ReferencingEntityName>BulkDeleteFailure</ReferencingEntityName>
      <ReferencedEntityName>sample_ticket</ReferencedEntityName>
      <ReferencingAttributeName>RegardingObjectId</ReferencingAttributeName>
      <RelationshipDescription>
        <Descriptions>
          <Description description="Unique identifier of the record that can not be deleted." languagecode="1033" />
        </Descriptions>
      </RelationshipDescription>
      <field name="regardingobjectid" requiredlevel="none" imemode="auto" lookupstyle="single" lookupbrowse="0" format="regarding">
        <IsSecured>0</IsSecured>
        <DisplayMask>ValidForAdvancedFind|ValidForForm|ValidForGrid</DisplayMask>
        <IsAuditEnabled>1</IsAuditEnabled>
        <displaynames>
          <displayname description="Name" languagecode="1033" />
        </displaynames>
      </field>
    </EntityRelationship>
    <EntityRelationship Name="sample_ticket_PrincipalObjectAttributeAccesses">
      <EntityRelationshipType>OneToMany</EntityRelationshipType>
      <IsCustomizable>1</IsCustomizable>
      <ReferencingEntityName>PrincipalObjectAttributeAccess</ReferencingEntityName>
      <ReferencedEntityName>sample_ticket</ReferencedEntityName>
      <ReferencingAttributeName>ObjectId</ReferencingAttributeName>
      <RelationshipDescription>
        <Descriptions>
          <Description description="Unique identifier of the entity instance with shared secured field" languagecode="1033" />
        </Descriptions>
      </RelationshipDescription>
      <field name="objectid" requiredlevel="systemrequired" imemode="auto" lookupstyle="single" lookupbrowse="0" format="regarding">
        <IsSecured>0</IsSecured>
        <DisplayMask>ValidForForm|ValidForGrid</DisplayMask>
        <IsAuditEnabled>1</IsAuditEnabled>
        <displaynames>
          <displayname description="Entity instance" languagecode="1033" />
        </displaynames>
      </field>
    </EntityRelationship>
    <EntityRelationship Name="sample_ticket_ProcessSession">
      <EntityRelationshipType>OneToMany</EntityRelationshipType>
      <IsCustomizable>1</IsCustomizable>
      <ReferencingEntityName>ProcessSession</ReferencingEntityName>
      <ReferencedEntityName>sample_ticket</ReferencedEntityName>
      <ReferencingAttributeName>RegardingObjectId</ReferencingAttributeName>
      <RelationshipDescription>
        <Descriptions>
          <Description description="Unique identifier of the object with which the dialog session is associated." languagecode="1033" />
        </Descriptions>
      </RelationshipDescription>
      <field name="regardingobjectid" requiredlevel="none" imemode="auto" lookupstyle="single" lookupbrowse="0" format="regarding">
        <IsSecured>0</IsSecured>
        <DisplayMask>ValidForAdvancedFind|ValidForGrid</DisplayMask>
        <IsAuditEnabled>1</IsAuditEnabled>
        <displaynames>
          <displayname description="Regarding" languagecode="1033" />
        </displaynames>
      </field>
    </EntityRelationship>
    <EntityRelationship Name="sample_ticket_UserEntityInstanceDatas">
      <EntityRelationshipType>OneToMany</EntityRelationshipType>
      <IsCustomizable>1</IsCustomizable>
      <ReferencingEntityName>UserEntityInstanceData</ReferencingEntityName>
      <ReferencedEntityName>sample_ticket</ReferencedEntityName>
      <ReferencingAttributeName>ObjectId</ReferencingAttributeName>
      <RelationshipDescription>
        <Descriptions>
          <Description description="Unique identifier of the source record." languagecode="1033" />
        </Descriptions>
      </RelationshipDescription>
      <field name="objectid" requiredlevel="systemrequired" imemode="auto" lookupstyle="single" lookupbrowse="0">
        <IsSecured>0</IsSecured>
        <DisplayMask>ValidForAdvancedFind|ValidForForm|ValidForGrid|RequiredForForm</DisplayMask>
        <IsAuditEnabled>1</IsAuditEnabled>
        <displaynames>
          <displayname description="Object Id" languagecode="1033" />
        </displaynames>
      </field>
    </EntityRelationship>
    <EntityRelationship Name="team_sample_ticket">
      <EntityRelationshipType>OneToMany</EntityRelationshipType>
      <IsCustomizable>1</IsCustomizable>
      <ReferencingEntityName>sample_ticket</ReferencingEntityName>
      <ReferencedEntityName>Team</ReferencedEntityName>
      <ReferencingAttributeName>OwningTeam</ReferencingAttributeName>
      <RelationshipDescription>
        <Descriptions>
          <Description description="Unique identifier for the team that owns the record." languagecode="1033" />
        </Descriptions>
      </RelationshipDescription>
      <field name="owningteam" requiredlevel="none" imemode="auto" lookupstyle="single" lookupbrowse="0">
        <IsCustomizable>1</IsCustomizable>
        <IsRenameable>1</IsRenameable>
        <CanModifySearchSettings>1</CanModifySearchSettings>
        <CanModifyRequirementLevelSettings>1</CanModifyRequirementLevelSettings>
        <IsSecured>0</IsSecured>
        <IsAuditEnabled>0</IsAuditEnabled>
        <displaynames>
          <displayname description="Owning Team" languagecode="1033" />
        </displaynames>
      </field>
    </EntityRelationship>
    <EntityRelationship Name="user_sample_ticket">
      <EntityRelationshipType>OneToMany</EntityRelationshipType>
      <IsCustomizable>1</IsCustomizable>
      <ReferencingEntityName>sample_ticket</ReferencingEntityName>
      <ReferencedEntityName>SystemUser</ReferencedEntityName>
      <ReferencingAttributeName>OwningUser</ReferencingAttributeName>
      <RelationshipDescription>
        <Descriptions>
          <Description description="Unique identifier for the user that owns the record." languagecode="1033" />
        </Descriptions>
      </RelationshipDescription>
      <field name="owninguser" requiredlevel="none" imemode="auto" lookupstyle="single" lookupbrowse="0">
        <IsCustomizable>1</IsCustomizable>
        <IsRenameable>1</IsRenameable>
        <CanModifySearchSettings>1</CanModifySearchSettings>
        <CanModifyRequirementLevelSettings>1</CanModifyRequirementLevelSettings>
        <IsSecured>0</IsSecured>
        <IsAuditEnabled>0</IsAuditEnabled>
        <displaynames>
          <displayname description="Owning User" languagecode="1033" />
        </displaynames>
      </field>
    </EntityRelationship>
  </EntityRelationships>
  <OrganizationSettings />
  <optionsets />
  <WebResources>
    <WebResource>
      <WebResourceId>{7bfc87c3-af51-e111-866d-00155dba381a}</WebResourceId>
      <Name>sample_TicketDependentOptionSetConfig.xml</Name>
      <DisplayName>Ticket Dependent OptionSet Config XML</DisplayName>
      <Description>This XML Web resourced defines dependent options between the Category, Sub-Category, and Type fields for the Ticket entity.</Description>
      <WebResourceType>4</WebResourceType>
      <IsCustomizable>1</IsCustomizable>
      <CanBeDeleted>1</CanBeDeleted>
      <IsHidden>0</IsHidden>
      <FileName>/WebResources/sample_TicketDependentOptionSetConfigxml7BFC87C3-AF51-E111-866D-00155DBA381A</FileName>
    </WebResource>
    <WebResource>
      <WebResourceId>{dbf2110c-b051-e111-866d-00155dba381a}</WebResourceId>
      <Name>sample_SDK.DependentOptionSetSample.js</Name>
      <DisplayName>SDK.DependentOptionSetSample.js</DisplayName>
      <Description>This JScript library provides an example of a generic, re-usable JScript library that can be used to establish dependent options for any two OptionSet fields.</Description>
      <WebResourceType>3</WebResourceType>
      <IsCustomizable>1</IsCustomizable>
      <CanBeDeleted>1</CanBeDeleted>
      <IsHidden>0</IsHidden>
      <FileName>/WebResources/sample_SDKDependentOptionSetSamplejsDBF2110C-B051-E111-866D-00155DBA381A</FileName>
    </WebResource>
    <WebResource>
      <WebResourceId>{bfc36672-b651-e111-866d-00155dba381a}</WebResourceId>
      <Name>sample_DependentOptionSetSampleConfig.htm</Name>
      <DisplayName>Dependent OptionSet Sample Config Page</DisplayName>
      <WebResourceType>1</WebResourceType>
      <IsCustomizable>1</IsCustomizable>
      <CanBeDeleted>1</CanBeDeleted>
      <IsHidden>0</IsHidden>
      <FileName>/WebResources/sample_DependentOptionSetSampleConfightmBFC36672-B651-E111-866D-00155DBA381A</FileName>
    </WebResource>
  </WebResources>
  <Languages>
    <Language>1033</Language>
  </Languages>
</ImportExportXml>