<ImportExportXml xmlns:xsi="http://www.w3.org/2001/XMLSchema-instance">
  <Entities></Entities>
  <Roles></Roles>
  <Workflows></Workflows>
  <FieldSecurityProfiles></FieldSecurityProfiles>
  <Templates />
  <RibbonDiffXml>
    <CustomActions>
      <CustomAction Id="Sample.all.Developer.Tools.CustomAction" Location="Mscrm.Form.{!EntityLogicalName}.Developer.Groups._children" Sequence="39">
        <CommandUIDefinition>
          <Group Id="Sample.all.Developer.Tools" Command="Sample.all.Developer.Tools.Command" Sequence="40" Title="$LocLabels:Sample.all.Developer.Tools.Label" Template="Mscrm.Templates.3" Image32by32Popup="$webresource:sample_/XrmPageScriptDevelopmentFormSnapshot/Images/XrmPage32.png">
            <Controls Id="Sample.all.Developer.Tools.Controls">
              <Button Id="Sample.XrmPageScriptDevelopmentFormSnapshot.Button" Command="Sample.XrmPageScriptDevelopmentFormSnapshot.Command" Sequence="10" LabelText="$LocLabels:Sample.XrmPageScriptDevelopmentFormSnapshot.Label" ToolTipTitle="$LocLabels:Sample.XrmPageScriptDevelopmentFormSnapshot.Label" ToolTipDescription="$LocLabels:Sample.XrmPageScriptDevelopmentFormSnapshot.Description" TemplateAlias="isv" Image16by16="$webresource:sample_/XrmPageScriptDevelopmentFormSnapshot/Images/XrmPage16.png" Image32by32="$webresource:sample_/XrmPageScriptDevelopmentFormSnapshot/Images/XrmPage32.png" />
            </Controls>
          </Group>
        </CommandUIDefinition>
      </CustomAction>
      <CustomAction Id="Sample.all.Developer.Tools.MaxSize.CustomAction" Location="Mscrm.Form.{!EntityLogicalName}.Developer.Scaling._children" Sequence="14">
        <CommandUIDefinition>
          <MaxSize Id="Sample.all.Developer.Tools.MaxSize" GroupId="Sample.all.Developer.Tools" Sequence="15" Size="Large" />
        </CommandUIDefinition>
      </CustomAction>
    </CustomActions>
    <Templates>
      <RibbonTemplates Id="Mscrm.Templates"></RibbonTemplates>
    </Templates>
    <CommandDefinitions>
      <CommandDefinition Id="Sample.all.Developer.Tools.Command">
        <EnableRules />
        <DisplayRules />
        <Actions />
      </CommandDefinition>
      <CommandDefinition Id="Sample.XrmPageScriptDevelopmentFormSnapshot.Command">
        <EnableRules>
          <EnableRule Id="Sample.XrmPageScriptDevelopmentFormSnapshot.EnableRule.isIE" />
        </EnableRules>
        <DisplayRules>
          <DisplayRule Id="Sample.XrmPageScriptDevelopmentFormSnapshot.DisplayRule" />
        </DisplayRules>
        <Actions>
          <JavaScriptFunction Library="$webresource:sample_/XrmPageScriptDevelopmentFormSnapshot/Scripts/SDK.XrmPageFormSnapshot.showPage.js" FunctionName="SDK.XrmPageFormSnapshot.showPage" />
        </Actions>
      </CommandDefinition>
    </CommandDefinitions>
    <RuleDefinitions>
      <TabDisplayRules />
      <DisplayRules>
        <DisplayRule Id="Sample.XrmPageScriptDevelopmentFormSnapshot.DisplayRule">
          <CrmClientTypeRule Type="Web" />
        </DisplayRule>
      </DisplayRules>
      <EnableRules>
        <EnableRule Id="Sample.XrmPageScriptDevelopmentFormSnapshot.EnableRule.isIE">
          <CustomRule Library="$webresource:sample_/SDK.XrmPageFormSnapshot.browserCheck.js" FunctionName="SDK.XrmPageFormSnapshot.isIE" />
        </EnableRule>
      </EnableRules>
    </RuleDefinitions>
    <LocLabels>
      <LocLabel Id="Sample.all.Developer.Tools.Label">
        <Titles>
          <Title languagecode="1033" description="Tools" />
        </Titles>
      </LocLabel>
      <LocLabel Id="Sample.XrmPageScriptDevelopmentFormSnapshot.Description">
        <Titles>
          <Title languagecode="1033" description="Displays a page with text that defines a pageData JScript object. Use this definition in a Xrm.Page Script Development Project when writing JScript Libraries for form scripts." />
        </Titles>
      </LocLabel>
      <LocLabel Id="Sample.XrmPageScriptDevelopmentFormSnapshot.Label">
        <Titles>
          <Title languagecode="1033" description="Xrm.Page Snapshot" />
        </Titles>
      </LocLabel>
    </LocLabels>
  </RibbonDiffXml>
  <EntityMaps />
  <EntityRelationships />
  <OrganizationSettings />
  <optionsets />
  <WebResources>
    <WebResource>
      <WebResourceId>{9b0184d4-8394-e111-9994-00155d9d7008}</WebResourceId>
      <Name>sample_/SDK.XrmPageFormSnapshot.browserCheck.js</Name>
      <DisplayName>sample_/SDK.XrmPageFormSnapshot.browserCheck.js</DisplayName>
      <WebResourceType>3</WebResourceType>
      <IsCustomizable>1</IsCustomizable>
      <CanBeDeleted>1</CanBeDeleted>
      <IsHidden>0</IsHidden>
      <FileName>/WebResources/sample_SDKXrmPageFormSnapshotbrowserCheckjs9B0184D4-8394-E111-9994-00155D9D7008</FileName>
    </WebResource>
    <WebResource>
      <WebResourceId>{60b3695e-ae49-e011-a155-00155dba3817}</WebResourceId>
      <Name>sample_/XrmPageScriptDevelopmentFormSnapshot/EventContext.htm</Name>
      <DisplayName>sample_/XrmPageScriptDevelopmentFormSnapshot/EventContext.htm</DisplayName>
      <WebResourceType>1</WebResourceType>
      <IsCustomizable>1</IsCustomizable>
      <CanBeDeleted>1</CanBeDeleted>
      <IsHidden>0</IsHidden>
      <FileName>/WebResources/sample_XrmPageScriptDevelopmentFormSnapshotEventCo60B3695E-AE49-E011-A155-00155DBA3817</FileName>
    </WebResource>
    <WebResource>
      <WebResourceId>{e5bc7b89-ae49-e011-a155-00155dba3817}</WebResourceId>
      <Name>sample_/XrmPageScriptDevelopmentFormSnapshot/Images/XrmPage16.png</Name>
      <DisplayName>sample_/XrmPageScriptDevelopmentFormSnapshot/Images/XrmPage16.png</DisplayName>
      <WebResourceType>5</WebResourceType>
      <IsCustomizable>1</IsCustomizable>
      <CanBeDeleted>1</CanBeDeleted>
      <IsHidden>0</IsHidden>
      <FileName>/WebResources/sample_XrmPageScriptDevelopmentFormSnapshotImagesXE5BC7B89-AE49-E011-A155-00155DBA3817</FileName>
    </WebResource>
    <WebResource>
      <WebResourceId>{5e1ede9b-ae49-e011-a155-00155dba3817}</WebResourceId>
      <Name>sample_/XrmPageScriptDevelopmentFormSnapshot/Images/XrmPage32.png</Name>
      <DisplayName>sample_/XrmPageScriptDevelopmentFormSnapshot/Images/XrmPage32.png</DisplayName>
      <WebResourceType>5</WebResourceType>
      <IsCustomizable>1</IsCustomizable>
      <CanBeDeleted>1</CanBeDeleted>
      <IsHidden>0</IsHidden>
      <FileName>/WebResources/sample_XrmPageScriptDevelopmentFormSnapshotImagesX5E1EDE9B-AE49-E011-A155-00155DBA3817</FileName>
    </WebResource>
    <WebResource>
      <WebResourceId>{b83614c4-ae49-e011-a155-00155dba3817}</WebResourceId>
      <Name>sample_/XrmPageScriptDevelopmentFormSnapshot/Scripts/SDK.XrmPageFormSnapshot.js</Name>
      <DisplayName>sample_/XrmPageScriptDevelopmentFormSnapshot/Scripts/SDK.XrmPageFormSnapshot.js</DisplayName>
      <WebResourceType>3</WebResourceType>
      <IsCustomizable>1</IsCustomizable>
      <CanBeDeleted>1</CanBeDeleted>
      <IsHidden>0</IsHidden>
      <FileName>/WebResources/sample_XrmPageScriptDevelopmentFormSnapshotScriptsB83614C4-AE49-E011-A155-00155DBA3817</FileName>
    </WebResource>
    <WebResource>
      <WebResourceId>{f5bdd844-af49-e011-a155-00155dba3817}</WebResourceId>
      <Name>sample_/XrmPageScriptDevelopmentFormSnapshot/Scripts/SDK.XrmPageFormSnapshot.showPage.js</Name>
      <DisplayName>sample_/XrmPageScriptDevelopmentFormSnapshot/Scripts/SDK.XrmPageFormSnapshot.showPage.js</DisplayName>
      <WebResourceType>3</WebResourceType>
      <IsCustomizable>1</IsCustomizable>
      <CanBeDeleted>1</CanBeDeleted>
      <IsHidden>0</IsHidden>
      <FileName>/WebResources/sample_XrmPageScriptDevelopmentFormSnapshotScriptsF5BDD844-AF49-E011-A155-00155DBA3817</FileName>
    </WebResource>
    <WebResource>
      <WebResourceId>{4109566c-b849-e011-a155-00155dba3817}</WebResourceId>
      <Name>sample_/XrmPageScriptDevelopmentFormSnapshot/Styles/EventContext.css</Name>
      <DisplayName>sample_/XrmPageScriptDevelopmentFormSnapshot/Styles/EventContext.css</DisplayName>
      <WebResourceType>2</WebResourceType>
      <IsCustomizable>1</IsCustomizable>
      <CanBeDeleted>1</CanBeDeleted>
      <IsHidden>0</IsHidden>
      <FileName>/WebResources/sample_XrmPageScriptDevelopmentFormSnapshotStylesE4109566C-B849-E011-A155-00155DBA3817</FileName>
    </WebResource>
  </WebResources>
  <Languages>
    <Language>1033</Language>
  </Languages>
</ImportExportXml>