<ImportExportXml xmlns:xsi="http://www.w3.org/2001/XMLSchema-instance">
  <Entities></Entities>
  <Roles></Roles>
  <Workflows></Workflows>
  <FieldSecurityProfiles></FieldSecurityProfiles>
  <Templates />
  <EntityMaps />
  <EntityRelationships />
  <OrganizationSettings />
  <optionsets />
  <WebResources>
    <WebResource>
      <WebResourceId>{c1ed5701-5695-e111-9994-00155d9d7008}</WebResourceId>
      <Name>sample_/ClientBin/RESTSilverlightContactEditor.xap</Name>
      <DisplayName>sample_/ClientBin/RESTSilverlightContactEditor.xap</DisplayName>
      <SilverlightVersion>4.0</SilverlightVersion>
      <WebResourceType>8</WebResourceType>
      <IsCustomizable>1</IsCustomizable>
      <CanBeDeleted>1</CanBeDeleted>
      <IsHidden>0</IsHidden>
      <FileName>/WebResources/sample_ClientBinRESTSilverlightContactEditorxapC1ED5701-5695-E111-9994-00155D9D7008</FileName>
    </WebResource>
    <WebResource>
      <WebResourceId>{46b74817-5695-e111-9994-00155d9d7008}</WebResourceId>
      <Name>sample_/RESTSilverlightContactEditorTestPage.html</Name>
      <DisplayName>sample_/RESTSilverlightContactEditorTestPage.html</DisplayName>
      <WebResourceType>1</WebResourceType>
      <IsCustomizable>1</IsCustomizable>
      <CanBeDeleted>1</CanBeDeleted>
      <IsHidden>0</IsHidden>
      <FileName>/WebResources/sample_RESTSilverlightContactEditorTestPagehtml46B74817-5695-E111-9994-00155D9D7008</FileName>
    </WebResource>
  </WebResources>
  <Languages>
    <Language>1033</Language>
  </Languages>
</ImportExportXml>