<ImportExportXml xmlns:xsi="http://www.w3.org/2001/XMLSchema-instance">
  <Entities></Entities>
  <Roles></Roles>
  <Workflows></Workflows>
  <FieldSecurityProfiles></FieldSecurityProfiles>
  <Templates />
  <EntityMaps />
  <EntityRelationships />
  <OrganizationSettings />
  <optionsets />
  <WebResources>
    <WebResource>
      <WebResourceId>{45d9a7fa-2196-e111-9994-00155d9d7008}</WebResourceId>
      <Name>sample_/SoapForSilverlightSampleTestPage.html</Name>
      <DisplayName>sample_/SoapForSilverlightSampleTestPage.html</DisplayName>
      <WebResourceType>1</WebResourceType>
      <IsCustomizable>1</IsCustomizable>
      <CanBeDeleted>1</CanBeDeleted>
      <IsHidden>0</IsHidden>
      <FileName>/WebResources/sample_SoapForSilverlightSampleTestPagehtml45D9A7FA-2196-E111-9994-00155D9D7008</FileName>
    </WebResource>
    <WebResource>
      <WebResourceId>{6f132417-2296-e111-9994-00155d9d7008}</WebResourceId>
      <Name>sample_/ClientBin/SoapForSilverlightSample.xap</Name>
      <DisplayName>sample_/ClientBin/SoapForSilverlightSample.xap</DisplayName>
      <SilverlightVersion>4.0</SilverlightVersion>
      <WebResourceType>8</WebResourceType>
      <IsCustomizable>1</IsCustomizable>
      <CanBeDeleted>1</CanBeDeleted>
      <IsHidden>0</IsHidden>
      <FileName>/WebResources/sample_ClientBinSoapForSilverlightSamplexap6F132417-2296-E111-9994-00155D9D7008</FileName>
    </WebResource>
  </WebResources>
  <Languages>
    <Language>1033</Language>
  </Languages>
</ImportExportXml>