<ImportExportXml xmlns:xsi="http://www.w3.org/2001/XMLSchema-instance">
  <Entities></Entities>
  <Roles></Roles>
  <Workflows></Workflows>
  <FieldSecurityProfiles></FieldSecurityProfiles>
  <Templates />
  <EntityMaps />
  <EntityRelationships />
  <OrganizationSettings />
  <optionsets />
  <WebResources>
    <WebResource>
      <WebResourceId>{c55301d2-4137-e211-9a8c-00155d016815}</WebResourceId>
      <Name>sample_/metadatabrowser/entitymetadatabrowser.htm</Name>
      <DisplayName>entitymetadatabrowser.htm</DisplayName>
      <Description>This page allows for browsing and filtering metadata for a specific entity.
With this page you can:
•View all the properties for the entity and filter the properties displayed
•Open the selected entity edit form in the default organization if the entity supports this
•Change the entity that you want to view
•View the entity attributes in a master/detail view. With this view you can:
   ◦Open the selected attribute form in the default organization if the attribute supports this
   ◦Perform a text search to filter displayed attributes using the following attribute properties: SchemaName, LogicalName, DisplayName, or MetadataId
   ◦Filter attributes by any attribute property values
   ◦Filter the properties displayed for the selected attribute

•View entity relationships. With these views you can:
   ◦Open the selected relationship form in the default organization if the relationship supports this
   ◦Perform a text search to filter displayed relationships using values relevant to the type of relationship
   ◦Filter the relationship by any relationship value

•View entity privileges. With this view you can: 
   ◦Filter the displayed privilege using the PrivilegeId

</Description>
      <LanguageCode>1033</LanguageCode>
      <WebResourceType>1</WebResourceType>
      <IsCustomizable>1</IsCustomizable>
      <CanBeDeleted>1</CanBeDeleted>
      <IsHidden>0</IsHidden>
      <FileName>/WebResources/sample_metadatabrowserentitymetadatabrowserhtmC55301D2-4137-E211-9A8C-00155D016815</FileName>
    </WebResource>
    <WebResource>
      <WebResourceId>{e9949ab1-4137-e211-9a8c-00155d016815}</WebResourceId>
      <Name>sample_/metadatabrowser/metadatabrowser.htm</Name>
      <DisplayName>metadatabrowser.htm</DisplayName>
      <Description>This page allows for browsing and filtering entity metadata for all entities.
With this page you can:
•Select an entity to view using the Entity Metadata Browser
•Open the selected entity form in the default organization if the entity supports this
•Perform a text search to filter displayed entities using the following entity properties: SchemaName, LogicalName, DisplayName, ObjectTypeCode, or MetadataId
•Filter entities by any entity property values
•Filter the properties displayed for the selected entity
</Description>
      <LanguageCode>1033</LanguageCode>
      <WebResourceType>1</WebResourceType>
      <IsCustomizable>1</IsCustomizable>
      <CanBeDeleted>1</CanBeDeleted>
      <IsHidden>0</IsHidden>
      <FileName>/WebResources/sample_metadatabrowsermetadatabrowserhtmE9949AB1-4137-E211-9A8C-00155D016815</FileName>
    </WebResource>
    <WebResource>
      <WebResourceId>{672651eb-4137-e211-9a8c-00155d016815}</WebResourceId>
      <Name>sample_/metadatabrowser/MetadataBrowserConfig.htm</Name>
      <DisplayName>MetadataBrowserConfig.htm</DisplayName>
      <Description>The configuration page for the metadata browser</Description>
      <LanguageCode>1033</LanguageCode>
      <WebResourceType>1</WebResourceType>
      <IsCustomizable>1</IsCustomizable>
      <CanBeDeleted>1</CanBeDeleted>
      <IsHidden>0</IsHidden>
      <FileName>/WebResources/sample_metadatabrowserMetadataBrowserConfightm672651EB-4137-E211-9A8C-00155D016815</FileName>
    </WebResource>
  </WebResources>
  <Languages>
    <Language>1033</Language>
  </Languages>
</ImportExportXml>