<ImportExportXml xmlns:xsi="http://www.w3.org/2001/XMLSchema-instance">
  <Entities></Entities>
  <Roles></Roles>
  <Workflows></Workflows>
  <FieldSecurityProfiles></FieldSecurityProfiles>
  <Templates />
  <EntityMaps />
  <EntityRelationships />
  <OrganizationSettings />
  <optionsets />
  <WebResources>
    <WebResource>
      <WebResourceId>{5a4ee028-f7f4-e011-9d26-00155dba3819}</WebResourceId>
      <Name>sample_/Scripts/json2.js</Name>
      <DisplayName>sample_/Scripts/json2.js</DisplayName>
      <Description>This JavaScript library provides a JSON object for pages that do not have one.</Description>
      <WebResourceType>3</WebResourceType>
      <IsCustomizable>1</IsCustomizable>
      <CanBeDeleted>1</CanBeDeleted>
      <IsHidden>0</IsHidden>
      <FileName>/WebResources/sample_Scriptsjson2js5A4EE028-F7F4-E011-9D26-00155DBA3819</FileName>
    </WebResource>
    <WebResource>
      <WebResourceId>{c22a9b4e-52fb-e011-9d26-00155dba3819}</WebResourceId>
      <Name>sample_/Scripts/jquery1.4.1.min.js</Name>
      <DisplayName>sample_/Scripts/jquery1.4.1.min.js</DisplayName>
      <Description>This is the JQuery library</Description>
      <WebResourceType>3</WebResourceType>
      <IsCustomizable>1</IsCustomizable>
      <CanBeDeleted>1</CanBeDeleted>
      <IsHidden>0</IsHidden>
      <FileName>/WebResources/sample_Scriptsjquery141minjsC22A9B4E-52FB-E011-9D26-00155DBA3819</FileName>
    </WebResource>
    <WebResource>
      <WebResourceId>{81d9e842-1bfc-e011-9d26-00155dba3819}</WebResourceId>
      <Name>sample_/RESTJQueryContactEditor.htm</Name>
      <DisplayName>sample_/RESTJQueryContactEditor.htm</DisplayName>
      <WebResourceType>1</WebResourceType>
      <IsCustomizable>1</IsCustomizable>
      <CanBeDeleted>1</CanBeDeleted>
      <IsHidden>0</IsHidden>
      <FileName>/WebResources/sample_RESTJQueryContactEditorhtm81D9E842-1BFC-E011-9D26-00155DBA3819</FileName>
    </WebResource>
    <WebResource>
      <WebResourceId>{68bf4e8a-1bfc-e011-9d26-00155dba3819}</WebResourceId>
      <Name>sample_/Scripts/RESTJQueryContactEditor.js</Name>
      <DisplayName>sample_/Scripts/RESTJQueryContactEditor.js</DisplayName>
      <WebResourceType>3</WebResourceType>
      <IsCustomizable>1</IsCustomizable>
      <CanBeDeleted>1</CanBeDeleted>
      <IsHidden>0</IsHidden>
      <FileName>/WebResources/sample_ScriptsRESTJQueryContactEditorjs68BF4E8A-1BFC-E011-9D26-00155DBA3819</FileName>
    </WebResource>
  </WebResources>
  <Languages>
    <Language>1033</Language>
  </Languages>
</ImportExportXml>