<ImportExportXml xmlns:xsi="http://www.w3.org/2001/XMLSchema-instance">
  <Entities></Entities>
  <Roles></Roles>
  <Workflows></Workflows>
  <FieldSecurityProfiles></FieldSecurityProfiles>
  <Templates />
  <EntityMaps />
  <EntityRelationships />
  <OrganizationSettings />
  <optionsets />
  <WebResources>
    <WebResource>
      <WebResourceId>{a86fa7c5-fa91-e011-a7f5-00155dba3817}</WebResourceId>
      <Name>sample_/CrmAssociateDisassociateSilverlightTestPage.html</Name>
      <DisplayName>sample_/CrmAssociateDisassociateSilverlightTestPage.html</DisplayName>
      <WebResourceType>1</WebResourceType>
      <IsCustomizable>1</IsCustomizable>
      <CanBeDeleted>1</CanBeDeleted>
      <IsHidden>0</IsHidden>
      <FileName>/WebResources/sample_CrmAssociateDisassociateSilverlightTestPageA86FA7C5-FA91-E011-A7F5-00155DBA3817</FileName>
    </WebResource>
    <WebResource>
      <WebResourceId>{131b77df-fa91-e011-a7f5-00155dba3817}</WebResourceId>
      <Name>sample_/Clientbin/CrmAssociateDisassociateSilverlight.xap</Name>
      <DisplayName>sample_/Clientbin/CrmAssociateDisassociateSilverlight.xap</DisplayName>
      <SilverlightVersion>4.0</SilverlightVersion>
      <WebResourceType>8</WebResourceType>
      <IsCustomizable>1</IsCustomizable>
      <CanBeDeleted>1</CanBeDeleted>
      <IsHidden>0</IsHidden>
      <FileName>/WebResources/sample_ClientbinCrmAssociateDisassociateSilverligh131B77DF-FA91-E011-A7F5-00155DBA3817</FileName>
    </WebResource>
  </WebResources>
  <Languages>
    <Language>1033</Language>
  </Languages>
</ImportExportXml>