<ImportExportXml version="5.0.9690.2730" minimumversion="5.0.0.0" languagecode="1033" generatedBy="OnPremise" xmlns:xsi="http://www.w3.org/2001/XMLSchema-instance">
  <SolutionManifest>
    <UniqueName>SOAPEndpointforJScript</UniqueName>
    <LocalizedNames>
      <LocalizedName description="SOAP Endpoint for JScript" languagecode="1033" />
    </LocalizedNames>
    <Descriptions>
      <Description description="This managed solution contains three samples:&#xD;&#xA;1. sample_/AssignTest.htm: This is the first part of the Walkthrough: Use the SOAP Endpoint for Web Resources with JScript (http://msdn.microsoft.com/en-us/library/gg594434.aspx)&#xD;&#xA;2. sample_/AssignAccounts.htm : This is the second part of the Walkthrough: Use the SOAP Endpoint for Web Resources with JScript (http://msdn.microsoft.com/en-us/library/gg594434.aspx)&#xD;&#xA;3. sample_/MetaDataDemo.htm : This is the Sample: Retrieve Entity Metadata Using JScript (http://msdn.microsoft.com/en-us/library/gg594428.aspx)&#xD;&#xA;&#xD;&#xA;v1.0.0.1&#xD;&#xA;This sample was updated to work with other browsers.&#xD;&#xA;Code changes applied to make the sample accessible.&#xD;&#xA;&#xD;&#xA;v1.0.0.2&#xD;&#xA;sample_/Scripts/SDK.MetaData.js library improved to be faster and smalller.&#xD;&#xA;sample_/MetaDataDemo.htm changed to reflect changes in the SDK.MetaData.js library" languagecode="1033" />
    </Descriptions>
    <Version>1.0.0.2</Version>
    <Managed>1</Managed>
    <ConfigurationPage>sample_/SOAPForJScriptConfig.htm</ConfigurationPage>
    <Publisher>
      <UniqueName>microsoftdynamicscrmsdksamples</UniqueName>
      <LocalizedNames>
        <LocalizedName description="Microsoft Dynamics CRM SDK Samples" languagecode="1033" />
      </LocalizedNames>
      <Descriptions>
        <Description description="This publisher is used by samples created for the Microsoft Dynamics CRM Software Development Kit (SDK) documentation." languagecode="1033" />
      </Descriptions>
      <EMailAddress>mscrmdf@microsoft.com</EMailAddress>
      <SupportingWebsiteUrl>http://msdn.microsoft.com/en-us/dynamics/crm/default</SupportingWebsiteUrl>
      <CustomizationPrefix>sample</CustomizationPrefix>
      <CustomizationOptionValuePrefix>72700</CustomizationOptionValuePrefix>
      <Addresses>
        <Address>
          <AddressNumber>1</AddressNumber>
          <AddressTypeCode>1</AddressTypeCode>
          <City xsi:nil="true"></City>
          <County xsi:nil="true"></County>
          <Country xsi:nil="true"></Country>
          <Fax xsi:nil="true"></Fax>
          <FreightTermsCode xsi:nil="true"></FreightTermsCode>
          <ImportSequenceNumber xsi:nil="true"></ImportSequenceNumber>
          <Latitude xsi:nil="true"></Latitude>
          <Line1 xsi:nil="true"></Line1>
          <Line2 xsi:nil="true"></Line2>
          <Line3 xsi:nil="true"></Line3>
          <Longitude xsi:nil="true"></Longitude>
          <Name xsi:nil="true"></Name>
          <PostalCode xsi:nil="true"></PostalCode>
          <PostOfficeBox xsi:nil="true"></PostOfficeBox>
          <PrimaryContactName xsi:nil="true"></PrimaryContactName>
          <ShippingMethodCode>1</ShippingMethodCode>
          <StateOrProvince xsi:nil="true"></StateOrProvince>
          <Telephone1 xsi:nil="true"></Telephone1>
          <Telephone2 xsi:nil="true"></Telephone2>
          <Telephone3 xsi:nil="true"></Telephone3>
          <TimeZoneRuleVersionNumber xsi:nil="true"></TimeZoneRuleVersionNumber>
          <UPSZone xsi:nil="true"></UPSZone>
          <UTCOffset xsi:nil="true"></UTCOffset>
          <UTCConversionTimeZoneCode xsi:nil="true"></UTCConversionTimeZoneCode>
        </Address>
        <Address>
          <AddressNumber>2</AddressNumber>
          <AddressTypeCode>1</AddressTypeCode>
          <City xsi:nil="true"></City>
          <County xsi:nil="true"></County>
          <Country xsi:nil="true"></Country>
          <Fax xsi:nil="true"></Fax>
          <FreightTermsCode xsi:nil="true"></FreightTermsCode>
          <ImportSequenceNumber xsi:nil="true"></ImportSequenceNumber>
          <Latitude xsi:nil="true"></Latitude>
          <Line1 xsi:nil="true"></Line1>
          <Line2 xsi:nil="true"></Line2>
          <Line3 xsi:nil="true"></Line3>
          <Longitude xsi:nil="true"></Longitude>
          <Name xsi:nil="true"></Name>
          <PostalCode xsi:nil="true"></PostalCode>
          <PostOfficeBox xsi:nil="true"></PostOfficeBox>
          <PrimaryContactName xsi:nil="true"></PrimaryContactName>
          <ShippingMethodCode>1</ShippingMethodCode>
          <StateOrProvince xsi:nil="true"></StateOrProvince>
          <Telephone1 xsi:nil="true"></Telephone1>
          <Telephone2 xsi:nil="true"></Telephone2>
          <Telephone3 xsi:nil="true"></Telephone3>
          <TimeZoneRuleVersionNumber xsi:nil="true"></TimeZoneRuleVersionNumber>
          <UPSZone xsi:nil="true"></UPSZone>
          <UTCOffset xsi:nil="true"></UTCOffset>
          <UTCConversionTimeZoneCode xsi:nil="true"></UTCConversionTimeZoneCode>
        </Address>
      </Addresses>
    </Publisher>
    <RootComponents>
      <RootComponent type="61" schemaName="sample_/AssignAccounts.htm" />
      <RootComponent type="61" schemaName="sample_/AssignTest.htm" />
      <RootComponent type="61" schemaName="sample_/MetaDataDemo.htm" />
      <RootComponent type="61" schemaName="sample_/Scripts/json2.js" />
      <RootComponent type="61" schemaName="sample_/Scripts/SDK.MetaData.js" />
      <RootComponent type="61" schemaName="sample_/Scripts/SDK.REST.js" />
      <RootComponent type="61" schemaName="sample_/Scripts/SDK.SOAPSample.Assign.js" />
      <RootComponent type="61" schemaName="sample_/SOAPForJScriptConfig.htm" />
    </RootComponents>
    <MissingDependencies />
  </SolutionManifest>
</ImportExportXml>