<ImportExportXml xmlns:xsi="http://www.w3.org/2001/XMLSchema-instance">
  <Entities></Entities>
  <Roles></Roles>
  <Workflows></Workflows>
  <FieldSecurityProfiles></FieldSecurityProfiles>
  <Templates />
  <EntityMaps />
  <EntityRelationships />
  <OrganizationSettings />
  <optionsets />
  <WebResources>
    <WebResource>
      <WebResourceId>{9f2c940d-057d-e111-9026-00155dba381a}</WebResourceId>
      <Name>sample_/CrmODataSilverlightTestPage.html</Name>
      <DisplayName>sample_/CrmODataSilverlightTestPage.html</DisplayName>
      <WebResourceType>1</WebResourceType>
      <IsCustomizable>1</IsCustomizable>
      <CanBeDeleted>1</CanBeDeleted>
      <IsHidden>0</IsHidden>
      <FileName>/WebResources/sample_CrmODataSilverlightTestPagehtml9F2C940D-057D-E111-9026-00155DBA381A</FileName>
    </WebResource>
    <WebResource>
      <WebResourceId>{8936b52d-057d-e111-9026-00155dba381a}</WebResourceId>
      <Name>sample_/ClientBin/CrmODataSilverlight.xap</Name>
      <DisplayName>sample_/ClientBin/CrmODataSilverlight.xap</DisplayName>
      <SilverlightVersion>4.0</SilverlightVersion>
      <WebResourceType>8</WebResourceType>
      <IsCustomizable>1</IsCustomizable>
      <CanBeDeleted>1</CanBeDeleted>
      <IsHidden>0</IsHidden>
      <FileName>/WebResources/sample_ClientBinCrmODataSilverlightxap8936B52D-057D-E111-9026-00155DBA381A</FileName>
    </WebResource>
  </WebResources>
  <Languages>
    <Language>1033</Language>
  </Languages>
</ImportExportXml>