<ImportExportXml xmlns:xsi="http://www.w3.org/2001/XMLSchema-instance">
  <Entities></Entities>
  <Roles></Roles>
  <Workflows></Workflows>
  <FieldSecurityProfiles></FieldSecurityProfiles>
  <Templates />
  <EntityMaps />
  <EntityRelationships />
  <OrganizationSettings />
  <optionsets />
  <WebResources>
    <WebResource>
      <WebResourceId>{edabe0ff-0f96-e111-9994-00155d9d7008}</WebResourceId>
      <Name>sample_/RESTRetrieveMultipleSilverlightTestPage.html</Name>
      <DisplayName>sample_/RESTRetrieveMultipleSilverlightTestPage.html</DisplayName>
      <WebResourceType>1</WebResourceType>
      <IsCustomizable>1</IsCustomizable>
      <CanBeDeleted>1</CanBeDeleted>
      <IsHidden>0</IsHidden>
      <FileName>/WebResources/sample_RESTRetrieveMultipleSilverlightTestPagehtmlEDABE0FF-0F96-E111-9994-00155D9D7008</FileName>
    </WebResource>
    <WebResource>
      <WebResourceId>{68c20d34-1096-e111-9994-00155d9d7008}</WebResourceId>
      <Name>sample_/ClientBin/RESTRetrieveMultipleSilverlight.xap</Name>
      <DisplayName>sample_/ClientBin/RESTRetrieveMultipleSilverlight.xap</DisplayName>
      <SilverlightVersion>4.0</SilverlightVersion>
      <WebResourceType>8</WebResourceType>
      <IsCustomizable>1</IsCustomizable>
      <CanBeDeleted>1</CanBeDeleted>
      <IsHidden>0</IsHidden>
      <FileName>/WebResources/sample_ClientBinRESTRetrieveMultipleSilverlightxap68C20D34-1096-E111-9994-00155D9D7008</FileName>
    </WebResource>
  </WebResources>
  <Languages>
    <Language>1033</Language>
  </Languages>
</ImportExportXml>