<ImportExportXml version="5.0.9690.3221" minimumversion="5.0" languagecode="1033" generatedBy="OnPremise" xmlns:xsi="http://www.w3.org/2001/XMLSchema-instance">
  <SolutionManifest>
    <UniqueName>FormScriptDemonstrations</UniqueName>
    <LocalizedNames>
      <LocalizedName description="Form Script Demonstrations" languagecode="1033" />
    </LocalizedNames>
    <Descriptions>
      <Description description="This solution adds a Sample Scripts group to the Customize tab for all entity forms.&#xA;This group contains a Form Script Libraries menu with choices to select functions from the JScript libraries included in the SDK download files at SDK\SampleCode\JS\FormScripts.&#xA;&#xA;Version 1.0.0.1&#xA;- Updated for Microsoft Dynamics CRM 2011 Fall&#xA;- Includes changes to support FireFox and Chrome on the Windows platform and Safari for Max OSX and iPad.&#xA;- Includes changes to improve accessibility support.&#xA;&#xA;Version 1.0.0.2&#xA;- Refactored the libraries so they are easier to understand.&#xA;&#xA;Version 1.0.0.3&#xA; - Fixed issue with the SDK.ControlSamples.js addCustomView sample where it didn't work correctly with IE10" languagecode="1033" />
    </Descriptions>
    <Version>1.0.0.3</Version>
    <Managed>1</Managed>
    <Publisher>
      <UniqueName>microsoftdynamicscrmsdksamples</UniqueName>
      <LocalizedNames>
        <LocalizedName description="Microsoft Dynamics CRM SDK Samples" languagecode="1033" />
      </LocalizedNames>
      <Descriptions>
        <Description description="This publisher is used by samples created for the Microsoft Dynamics CRM Software Development Kit (SDK) documentation." languagecode="1033" />
      </Descriptions>
      <EMailAddress>mscrmdf@microsoft.com</EMailAddress>
      <SupportingWebsiteUrl>http://msdn.microsoft.com/en-us/dynamics/crm/default</SupportingWebsiteUrl>
      <CustomizationPrefix>sample</CustomizationPrefix>
      <CustomizationOptionValuePrefix>72700</CustomizationOptionValuePrefix>
      <Addresses>
        <Address>
          <AddressNumber>1</AddressNumber>
          <AddressTypeCode>1</AddressTypeCode>
          <City xsi:nil="true"></City>
          <County xsi:nil="true"></County>
          <Country xsi:nil="true"></Country>
          <Fax xsi:nil="true"></Fax>
          <FreightTermsCode xsi:nil="true"></FreightTermsCode>
          <ImportSequenceNumber xsi:nil="true"></ImportSequenceNumber>
          <Latitude xsi:nil="true"></Latitude>
          <Line1 xsi:nil="true"></Line1>
          <Line2 xsi:nil="true"></Line2>
          <Line3 xsi:nil="true"></Line3>
          <Longitude xsi:nil="true"></Longitude>
          <Name xsi:nil="true"></Name>
          <PostalCode xsi:nil="true"></PostalCode>
          <PostOfficeBox xsi:nil="true"></PostOfficeBox>
          <PrimaryContactName xsi:nil="true"></PrimaryContactName>
          <ShippingMethodCode>1</ShippingMethodCode>
          <StateOrProvince xsi:nil="true"></StateOrProvince>
          <Telephone1 xsi:nil="true"></Telephone1>
          <Telephone2 xsi:nil="true"></Telephone2>
          <Telephone3 xsi:nil="true"></Telephone3>
          <TimeZoneRuleVersionNumber xsi:nil="true"></TimeZoneRuleVersionNumber>
          <UPSZone xsi:nil="true"></UPSZone>
          <UTCOffset xsi:nil="true"></UTCOffset>
          <UTCConversionTimeZoneCode xsi:nil="true"></UTCConversionTimeZoneCode>
        </Address>
        <Address>
          <AddressNumber>2</AddressNumber>
          <AddressTypeCode>1</AddressTypeCode>
          <City xsi:nil="true"></City>
          <County xsi:nil="true"></County>
          <Country xsi:nil="true"></Country>
          <Fax xsi:nil="true"></Fax>
          <FreightTermsCode xsi:nil="true"></FreightTermsCode>
          <ImportSequenceNumber xsi:nil="true"></ImportSequenceNumber>
          <Latitude xsi:nil="true"></Latitude>
          <Line1 xsi:nil="true"></Line1>
          <Line2 xsi:nil="true"></Line2>
          <Line3 xsi:nil="true"></Line3>
          <Longitude xsi:nil="true"></Longitude>
          <Name xsi:nil="true"></Name>
          <PostalCode xsi:nil="true"></PostalCode>
          <PostOfficeBox xsi:nil="true"></PostOfficeBox>
          <PrimaryContactName xsi:nil="true"></PrimaryContactName>
          <ShippingMethodCode>1</ShippingMethodCode>
          <StateOrProvince xsi:nil="true"></StateOrProvince>
          <Telephone1 xsi:nil="true"></Telephone1>
          <Telephone2 xsi:nil="true"></Telephone2>
          <Telephone3 xsi:nil="true"></Telephone3>
          <TimeZoneRuleVersionNumber xsi:nil="true"></TimeZoneRuleVersionNumber>
          <UPSZone xsi:nil="true"></UPSZone>
          <UTCOffset xsi:nil="true"></UTCOffset>
          <UTCConversionTimeZoneCode xsi:nil="true"></UTCConversionTimeZoneCode>
        </Address>
      </Addresses>
    </Publisher>
    <RootComponents>
      <RootComponent type="50" schemaName=":RibbonDiffXml" />
      <RootComponent type="61" schemaName="sample_scriptIcon16x16.png" />
      <RootComponent type="61" schemaName="sample_scriptIcon32x32.png" />
      <RootComponent type="61" schemaName="sample_SDK.AttributeSamples.js" />
      <RootComponent type="61" schemaName="sample_SDK.AttributesCollectionSamples.js" />
      <RootComponent type="61" schemaName="sample_SDK.ContextSamples.js" />
      <RootComponent type="61" schemaName="sample_SDK.ControlSamples.js" />
      <RootComponent type="61" schemaName="sample_SDK.EntitySamples.js" />
      <RootComponent type="61" schemaName="sample_SDK.FormItemSamples.js" />
      <RootComponent type="61" schemaName="sample_SDK.FormSelectorSamples.js" />
      <RootComponent type="61" schemaName="sample_SDK.NavItemSamples.js" />
      <RootComponent type="61" schemaName="sample_SDK.NavItemsCollectionSamples.js" />
      <RootComponent type="61" schemaName="sample_SDK.SectionSamples.js" />
      <RootComponent type="61" schemaName="sample_SDK.TabCollectionSamples.js" />
      <RootComponent type="61" schemaName="sample_SDK.TabSamples.js" />
      <RootComponent type="61" schemaName="sample_SDK.UISamples.js" />
    </RootComponents>
    <MissingDependencies />
  </SolutionManifest>
</ImportExportXml>