<ImportExportXml xmlns:xsi="http://www.w3.org/2001/XMLSchema-instance">
  <Entities></Entities>
  <Roles></Roles>
  <Workflows></Workflows>
  <FieldSecurityProfiles></FieldSecurityProfiles>
  <Templates />
  <EntityMaps />
  <EntityRelationships />
  <OrganizationSettings />
  <optionsets />
  <WebResources>
    <WebResource>
      <WebResourceId>{5a4ee028-f7f4-e011-9d26-00155dba3819}</WebResourceId>
      <Name>sample_/Scripts/json2.js</Name>
      <DisplayName>sample_/Scripts/json2.js</DisplayName>
      <Description>This JavaScript library provides a JSON object for pages that do not have one.</Description>
      <WebResourceType>3</WebResourceType>
      <IsCustomizable>1</IsCustomizable>
      <CanBeDeleted>1</CanBeDeleted>
      <IsHidden>0</IsHidden>
      <FileName>/WebResources/sample_Scriptsjson2js5A4EE028-F7F4-E011-9D26-00155DBA3819</FileName>
    </WebResource>
    <WebResource>
      <WebResourceId>{f26ed0fd-51fb-e011-9d26-00155dba3819}</WebResourceId>
      <Name>sample_/JQueryRESTDataOperations.htm</Name>
      <DisplayName>sample_/JQueryRESTDataOperations.htm</DisplayName>
      <Description>This is the presentation page for the sample.</Description>
      <WebResourceType>1</WebResourceType>
      <IsCustomizable>1</IsCustomizable>
      <CanBeDeleted>1</CanBeDeleted>
      <IsHidden>0</IsHidden>
      <FileName>/WebResources/sample_JQueryRESTDataOperationshtmF26ED0FD-51FB-E011-9D26-00155DBA3819</FileName>
    </WebResource>
    <WebResource>
      <WebResourceId>{c22a9b4e-52fb-e011-9d26-00155dba3819}</WebResourceId>
      <Name>sample_/Scripts/jquery1.4.1.min.js</Name>
      <DisplayName>sample_/Scripts/jquery1.4.1.min.js</DisplayName>
      <Description>This is the JQuery library</Description>
      <WebResourceType>3</WebResourceType>
      <IsCustomizable>1</IsCustomizable>
      <CanBeDeleted>1</CanBeDeleted>
      <IsHidden>0</IsHidden>
      <FileName>/WebResources/sample_Scriptsjquery141minjsC22A9B4E-52FB-E011-9D26-00155DBA3819</FileName>
    </WebResource>
    <WebResource>
      <WebResourceId>{24d28578-52fb-e011-9d26-00155dba3819}</WebResourceId>
      <Name>sample_/Scripts/JQueryRESTDataOperationsSample.js</Name>
      <DisplayName>sample_/Scripts/JQueryRESTDataOperationsSample.js</DisplayName>
      <Description>This JavaScript library drives the logic in the sample</Description>
      <WebResourceType>3</WebResourceType>
      <IsCustomizable>1</IsCustomizable>
      <CanBeDeleted>1</CanBeDeleted>
      <IsHidden>0</IsHidden>
      <FileName>/WebResources/sample_ScriptsJQueryRESTDataOperationsSamplejs24D28578-52FB-E011-9D26-00155DBA3819</FileName>
    </WebResource>
    <WebResource>
      <WebResourceId>{43fa41f3-52fb-e011-9d26-00155dba3819}</WebResourceId>
      <Name>sample_/Scripts/SDK.JQuery.js</Name>
      <DisplayName>sample_/Scripts/SDK.JQuery.js</DisplayName>
      <Description>This JavaScript library provides a re-usable library to perform REST data operations with JQuery.
This library has been tested with JQuery version 1.4.1 only.</Description>
      <WebResourceType>3</WebResourceType>
      <IsCustomizable>1</IsCustomizable>
      <CanBeDeleted>1</CanBeDeleted>
      <IsHidden>0</IsHidden>
      <FileName>/WebResources/sample_ScriptsSDKJQueryjs43FA41F3-52FB-E011-9D26-00155DBA3819</FileName>
    </WebResource>
  </WebResources>
  <Languages>
    <Language>1033</Language>
  </Languages>
</ImportExportXml>